split,cell,y_log,p_log,model,pi_lo_log,pi_hi_log,batch,policy,newstructure,carryover,dq_var,qd_c2,life
cv_oof,b1c0,3.26764,3.33736,F1,3.28535,3.38698,b1,3.6C(80%)-3.6C,False,True,-5.01486,1.07069,1852.0
cv_oof,b1c1,3.33445,3.33703,F1,3.28503,3.38665,b1,3.6C(80%)-3.6C,False,True,-5.01396,1.0753,2160.0
cv_oof,b1c2,3.34967,3.23777,F1,3.18576,3.28739,b1,3.6C(80%)-3.6C,False,True,-4.737,1.07992,2237.0
cv_oof,b1c3,3.15655,3.12201,F1,3.07001,3.17163,b1,4C(80%)-4C,False,True,-4.44261,1.07972,1434.0
cv_oof,b1c4,3.23274,3.19274,F1,3.14074,3.24236,b1,4C(80%)-4C,False,True,-4.64774,1.07842,1709.0
cv_oof,b1c9,3.02284,2.98739,F1,2.93539,3.03701,b1,5.4C(40%)-3.6C,False,False,-4.05938,1.08297,1054.0
cv_oof,b1c11,2.89653,3.02626,F1,2.97426,3.07588,b1,5.4C(50%)-3C,False,False,-4.1469,1.05378,788.0
cv_oof,b1c16,2.93551,3.00857,F1,2.95656,3.05819,b1,5.4C(60%)-3.6C,False,False,-4.09941,1.08117,862.0
cv_oof,b1c17,2.93298,2.96214,F1,2.91013,3.01176,b1,5.4C(60%)-3.6C,False,False,-3.97016,1.07205,857.0
cv_oof,b1c18,2.83948,2.85101,F1,2.799,2.90063,b1,5.4C(70%)-3C,False,False,-3.65008,1.06617,691.0
cv_oof,b1c19,2.89653,2.84036,F1,2.78835,2.88998,b1,5.4C(70%)-3C,False,False,-3.61991,1.08511,788.0
cv_oof,b1c23,3.00604,2.98824,F1,2.93623,3.03786,b1,6C(30%)-3.6C,False,False,-4.04079,1.07929,1014.0
cv_oof,b1c24,3.00732,2.95163,F1,2.89963,3.00125,b1,6C(40%)-3C,False,False,-3.93866,1.07454,1017.0
cv_oof,b1c25,2.93146,2.98361,F1,2.93161,3.03323,b1,6C(40%)-3C,False,False,-4.02789,1.07523,854.0
cv_oof,b1c26,2.93952,2.89102,F1,2.83901,2.94064,b1,6C(40%)-3.6C,False,False,-3.79522,1.08765,870.0
cv_oof,b1c27,2.92531,2.91235,F1,2.86035,2.96197,b1,6C(40%)-3.6C,False,False,-3.8537,1.07905,842.0
cv_oof,b1c30,2.85065,2.88137,F1,2.82937,2.93099,b1,6C(50%)-3.6C,False,False,-3.7447,1.07986,709.0
cv_oof,b1c31,2.9425,2.89276,F1,2.84076,2.94238,b1,6C(50%)-3.6C,False,False,-3.77773,1.09464,876.0
cv_oof,b1c32,2.86392,2.84586,F1,2.79385,2.89548,b1,6C(60%)-3C,False,False,-3.64646,1.07784,731.0
cv_oof,b1c33,2.8791,2.85325,F1,2.80125,2.90287,b1,6C(60%)-3C,False,False,-3.66706,1.09249,757.0
cv_oof,b1c34,2.8704,2.92107,F1,2.86906,2.97069,b1,7C(30%)-3.6C,False,False,-3.84862,1.07662,742.0
cv_oof,b1c35,2.84696,2.89424,F1,2.84224,2.94386,b1,7C(30%)-3.6C,False,False,-3.77261,1.07075,703.0
cv_oof,b1c36,2.84757,2.85544,F1,2.80344,2.90506,b1,7C(40%)-3C,False,False,-3.6695,1.07783,704.0
cv_oof,b1c37,2.81158,2.85697,F1,2.80497,2.90659,b1,7C(40%)-3C,False,False,-3.67394,1.07482,648.0
cv_oof,b1c38,2.79029,2.75888,F1,2.70688,2.8085,b1,7C(40%)-3.6C,False,False,-3.43305,1.07295,617.0
cv_oof,b1c39,2.79588,2.78496,F1,2.73296,2.83458,b1,7C(40%)-3.6C,False,False,-3.50453,1.08178,625.0
cv_oof,b1c40,2.98498,2.99269,F1,2.94069,3.04231,b1,8C(15%)-3.6C,False,False,-4.05521,1.0833,966.0
cv_oof,b1c41,3.0216,2.99855,F1,2.94654,3.04817,b1,8C(15%)-3.6C,False,False,-4.07151,1.07896,1051.0
cv_oof,b1c42,2.84634,2.85657,F1,2.80457,2.90619,b1,8C(25%)-3.6C,False,False,-3.66586,1.07987,702.0
cv_oof,b1c43,2.81358,2.85725,F1,2.80525,2.90687,b1,8C(25%)-3.6C,False,False,-3.66778,1.06824,651.0
cv_oof,b1c44,2.78958,2.75438,F1,2.70237,2.804,b1,8C(35%)-3.6C,False,False,-3.4207,1.08477,616.0
cv_oof,b1c45,2.77743,2.75605,F1,2.70405,2.80567,b1,8C(35%)-3.6C,False,False,-3.42529,1.08396,599.0
valid,b1c5,3.031,3.0348,F1,2.9828,3.08442,b1,4.4C(80%)-4.4C,False,False,-4.17888,1.07613,1074.0
valid,b1c6,2.80346,2.88919,F1,2.83718,2.93881,b1,4.8C(80%)-4.8C,False,False,-3.76888,1.07584,636.0
valid,b1c7,2.93952,2.90503,F1,2.85303,2.95465,b1,4.8C(80%)-4.8C,False,False,-3.81349,1.09386,870.0
valid,b1c14,2.94448,2.98763,F1,2.93563,3.03725,b1,5.4C(60%)-3C,False,False,-4.04607,1.07097,880.0
valid,b1c15,2.85673,2.97765,F1,2.92564,3.02727,b1,5.4C(60%)-3C,False,False,-4.01795,1.06112,719.0
valid,b1c20,2.72754,2.74654,F1,2.69454,2.79616,b1,5.4C(80%)-5.4C,False,False,-3.36724,1.07263,534.0
valid,b1c21,2.74741,2.74054,F1,2.68854,2.79016,b1,5.4C(80%)-5.4C,False,False,-3.35034,1.08244,559.0
valid,b1c28,2.9345,2.91612,F1,2.86412,2.96574,b1,6C(50%)-3C,False,False,-3.84471,1.07775,860.0
valid,b1c29,2.96237,2.91384,F1,2.86183,2.96346,b1,6C(50%)-3C,False,False,-3.83828,1.07945,917.0
b2,b2c0,2.67852,2.78578,F1,2.73378,2.8354,b2,5.2C(58%)-4C,False,False,-3.48726,1.10201,477.0
b2,b2c1,2.69108,2.71886,F1,2.66685,2.76848,b2,5.6C(26%)-4.5C,False,False,-3.29805,1.10578,491.0
b2,b2c2,2.62737,2.77623,F1,2.72422,2.82585,b2,5.2C(50%)-4.25C,False,False,-3.46025,1.07539,424.0
b2,b2c3,2.6981,2.78896,F1,2.73695,2.83858,b2,4.65C(44%)-5C,False,False,-3.49624,1.09596,499.0
b2,b2c4,2.64738,2.69568,F1,2.64367,2.7453,b2,4.65C(69%)-6C,False,False,-3.23251,1.08997,444.0
b2,b2c5,2.61909,2.64382,F1,2.59181,2.69344,b2,3.6C(30%)-6C,False,False,-3.08588,1.09891,416.0
b2,b2c6,2.59439,2.80091,F1,2.74891,2.85053,b2,3.6C(9%)-5C,False,False,-3.53004,1.08856,393.0
b2,b2c7,2.89042,3.04907,F1,2.99707,3.09869,b2,4.8C(80%)-4.8C-newstructure,True,False,-4.23167,1.09048,777.0
b2,b2c8,2.95617,3.00336,F1,2.95136,3.05298,b2,5.2C(58%)-4C-newstructure,True,False,-4.10242,1.09063,904.0
b2,b2c9,2.89818,3.08895,F1,3.03695,3.13857,b2,5.6C(26%)-4.5C-newstructure,True,False,-4.34443,1.09497,791.0
b2,b2c10,2.69197,2.77292,F1,2.72092,2.82254,b2,4.8C(80%)-4.8C,False,False,-3.4509,1.10928,492.0
b2,b2c11,2.65225,2.78512,F1,2.73312,2.83474,b2,5.2C(50%)-4.25C,False,False,-3.48539,1.09592,449.0
b2,b2c12,2.66839,2.67285,F1,2.62085,2.72247,b2,4.65C(44%)-5C,False,False,-3.16797,1.10165,466.0
b2,b2c13,2.66276,2.73527,F1,2.68326,2.78489,b2,4.65C(69%)-6C,False,False,-3.34445,1.09544,460.0
b2,b2c14,2.62941,2.65536,F1,2.60336,2.70498,b2,3.6C(30%)-6C,False,False,-3.11852,1.08449,426.0
b2,b2c15,2.5977,2.79603,F1,2.74403,2.84565,b2,3.6C(9%)-5C,False,False,-3.51625,1.06975,396.0
b2,b2c16,2.67394,2.78848,F1,2.73647,2.8381,b2,4.8C(80%)-4.8C,False,False,-3.49488,1.09454,472.0
b2,b2c17,2.67302,2.79041,F1,2.7384,2.84003,b2,5.6C(26%)-4.5C,False,False,-3.50034,1.09172,471.0
b2,b2c18,2.65225,2.86361,F1,2.8116,2.91323,b2,5.2C(50%)-4.25C,False,False,-3.7073,1.07563,449.0
b2,b2c19,2.59329,2.7167,F1,2.6647,2.76632,b2,6C(60%)-3C,False,False,-3.29196,1.09024,392.0
b2,b2c20,2.68931,2.76953,F1,2.71752,2.81915,b2,5.2C(58%)-4C,False,False,-3.44131,1.09773,489.0
b2,b2c21,2.61066,2.72898,F1,2.67698,2.7786,b2,6C(60%)-3C,False,False,-3.32668,1.09859,408.0
b2,b2c24,2.71096,2.84012,F1,2.78811,2.88974,b2,4.8C(80%)-4.8C,False,False,-3.64089,1.0923,514.0
b2,b2c25,2.69285,2.80248,F1,2.75048,2.8521,b2,5.2C(58%)-4C,False,False,-3.53448,1.09884,493.0
b2,b2c26,2.65321,2.69198,F1,2.63997,2.7416,b2,5.6C(26%)-4.5C,False,False,-3.22205,1.10435,450.0
b2,b2c27,2.67578,2.78541,F1,2.7334,2.83503,b2,5.2C(50%)-4.25C,False,False,-3.4862,1.09257,474.0
b2,b2c28,2.64048,2.7632,F1,2.71119,2.81282,b2,4.8C(80%)-4.8C,False,False,-3.42341,1.09045,437.0
b2,b2c29,2.65514,2.7932,F1,2.7412,2.84282,b2,5.2C(58%)-4C,False,False,-3.50825,1.10321,452.0
b2,b2c30,2.6149,2.67902,F1,2.62701,2.72864,b2,5.6C(26%)-4.5C,False,False,-3.18541,1.09464,412.0
b2,b2c31,2.62839,2.73807,F1,2.68606,2.78769,b2,5.6C(26%)-4.5C,False,False,-3.35236,1.09901,425.0
b2,b2c32,2.90795,3.01363,F1,2.96163,3.06325,b2,4.8C(80%)-4.8C-newstructure,True,False,-4.13147,1.08816,809.0
b2,b2c33,3.0569,3.04906,F1,2.99705,3.09868,b2,5.2C(58%)-4C-newstructure,True,False,-4.23163,1.07327,1140.0
b2,b2c34,3.07408,3.12579,F1,3.07379,3.17541,b2,5.6C(26%)-4.5C-newstructure,True,False,-4.44859,1.06717,1186.0
b2,b2c41,2.64542,2.6744,F1,2.6224,2.72402,b2,5.6C(26%)-4.5C,False,False,-3.17237,1.10492,442.0
b2,b2c42,2.67578,2.78413,F1,2.73212,2.83375,b2,5.2C(50%)-4.25C,False,False,-3.48259,1.10244,474.0
b2,b2c43,3.01242,3.06326,F1,3.01126,3.11288,b2,4.8C(80%)-4.8C-newstructure,True,False,-4.27178,1.09743,1029.0
b2,b2c44,2.9248,3.09606,F1,3.04406,3.14568,b2,5.2C(58%)-4C-newstructure,True,False,-4.36452,1.09659,841.0
b2,b2c45,2.9987,3.0291,F1,2.9771,3.07873,b2,5.6C(26%)-4.5C-newstructure,True,False,-4.17521,1.10304,997.0
b2,b2c46,2.70157,2.79343,F1,2.74142,2.84305,b2,4.8C(80%)-4.8C,False,False,-3.50888,1.10094,503.0
b3,b3c0,3.00389,3.05383,F1,3.00182,3.10345,b3,5C(67%)-4C-newstructure,True,False,-4.24511,1.06746,1009.0
b3,b3c1,3.02653,3.06813,F1,3.01612,3.11775,b3,5.3C(54%)-4C-newstructure,True,False,-4.28554,1.06506,1063.0
b3,b3c3,3.04727,3.00838,F1,2.95637,3.058,b3,5.6C(36%)-4.3C-newstructure,True,False,-4.11661,1.06289,1115.0
b3,b3c4,3.02036,3.03025,F1,2.97825,3.07987,b3,5.6C(19%)-4.6C-newstructure,True,False,-4.17847,1.07248,1048.0
b3,b3c5,2.91803,3.0076,F1,2.9556,3.05722,b3,5.6C(36%)-4.3C-newstructure,True,False,-4.11442,1.05145,828.0
b3,b3c6,2.82413,2.79938,F1,2.74738,2.849,b3,3.7C(31%)-5.9C-newstructure,True,False,-3.52571,1.06261,667.0
b3,b3c7,3.26387,3.14,F1,3.08799,3.18962,b3,4.8C(80%)-4.8C-newstructure,True,False,-4.48874,1.06752,1836.0
b3,b3c8,2.91803,2.9996,F1,2.9476,3.04922,b3,5C(67%)-4C-newstructure,True,False,-4.0918,1.06474,828.0
b3,b3c9,3.01662,2.96087,F1,2.90887,3.01049,b3,5.3C(54%)-4C-newstructure,True,False,-3.9823,1.06948,1039.0
b3,b3c10,3.03262,3.11263,F1,3.06062,3.16225,b3,4.8C(80%)-4.8C-newstructure,True,False,-4.41136,1.06177,1078.0
b3,b3c11,2.91222,2.92643,F1,2.87443,2.97605,b3,5.6C(19%)-4.6C-newstructure,True,False,-3.88492,1.06807,817.0
b3,b3c12,2.96942,2.94831,F1,2.89631,2.99793,b3,5.6C(36%)-4.3C-newstructure,True,False,-3.94679,1.07417,932.0
b3,b3c13,2.91169,3.00054,F1,2.94854,3.05016,b3,5.6C(19%)-4.6C-newstructure,True,False,-4.09447,1.06556,816.0
b3,b3c14,2.93349,2.96702,F1,2.91501,3.01664,b3,5.6C(36%)-4.3C-newstructure,True,False,-3.99967,1.07271,858.0
b3,b3c15,2.9425,2.96737,F1,2.91537,3.01699,b3,5.9C(15%)-4.6C-newstructure,True,False,-4.00068,1.06842,876.0
b3,b3c16,3.21431,3.21278,F1,3.16077,3.2624,b3,4.8C(80%)-4.8C-newstructure,True,False,-4.69451,1.06101,1638.0
b3,b3c17,3.11893,3.12266,F1,3.07065,3.17228,b3,5.3C(54%)-4C-newstructure,True,False,-4.43971,1.06645,1315.0
b3,b3c18,3.05918,3.05699,F1,3.00499,3.10661,b3,5.6C(19%)-4.6C-newstructure,True,False,-4.25405,1.06802,1146.0
b3,b3c19,3.06258,3.02795,F1,2.97594,3.07757,b3,5.6C(36%)-4.3C-newstructure,True,False,-4.17194,1.07192,1155.0
b3,b3c20,2.91009,2.9906,F1,2.93859,3.04022,b3,5C(67%)-4C-newstructure,True,False,-4.06634,1.06505,813.0
b3,b3c21,2.88762,2.86256,F1,2.81055,2.91218,b3,3.7C(31%)-5.9C-newstructure,True,False,-3.70433,1.06786,772.0
b3,b3c22,3.00087,2.98369,F1,2.93169,3.03331,b3,5.9C(60%)-3.1C-newstructure,True,False,-4.04682,1.05626,1002.0
b3,b3c24,2.91645,3.02205,F1,2.97004,3.07167,b3,5C(67%)-4C-newstructure,True,False,-4.15525,1.04627,825.0
b3,b3c25,2.9952,3.01897,F1,2.96697,3.06859,b3,5.3C(54%)-4C-newstructure,True,False,-4.14656,1.06113,989.0
b3,b3c26,3.01199,3.04477,F1,2.99277,3.09439,b3,5.6C(19%)-4.6C-newstructure,True,False,-4.21951,1.07202,1028.0
b3,b3c27,2.92942,3.01316,F1,2.96116,3.06278,b3,5.6C(36%)-4.3C-newstructure,True,False,-4.13013,1.06042,850.0
b3,b3c28,2.7332,2.77319,F1,2.72118,2.82281,b3,3.7C(31%)-5.9C-newstructure,True,False,-3.45166,1.05187,541.0
b3,b3c29,2.93349,2.98962,F1,2.93762,3.03924,b3,5.9C(15%)-4.6C-newstructure,True,False,-4.06358,1.06637,858.0
b3,b3c30,2.97081,3.00258,F1,2.95058,3.0522,b3,5.3C(54%)-4C-newstructure,True,False,-4.10023,1.06874,935.0
b3,b3c31,2.86392,2.9104,F1,2.8584,2.96002,b3,5.9C(60%)-3.1C-newstructure,True,False,-3.8396,1.06818,731.0
b3,b3c33,3.10857,3.10716,F1,3.05516,3.15678,b3,5C(67%)-4C-newstructure,True,False,-4.3959,1.06027,1284.0
b3,b3c34,3.06371,3.07524,F1,3.02324,3.12486,b3,5.3C(54%)-4C-newstructure,True,False,-4.30566,1.06153,1158.0
b3,b3c35,3.03862,3.0502,F1,2.9982,3.09982,b3,5.6C(19%)-4.6C-newstructure,True,False,-4.23486,1.06338,1093.0
b3,b3c36,2.9652,3.05678,F1,3.00478,3.1064,b3,5.6C(36%)-4.3C-newstructure,True,False,-4.25346,1.05753,923.0
b3,b3c38,3.28668,3.08811,F1,3.03611,3.13773,b3,5C(67%)-4C-newstructure,True,False,-4.34205,1.07015,1935.0
b3,b3c39,3.06296,3.12793,F1,3.07593,3.17755,b3,5.3C(54%)-4C-newstructure,True,False,-4.45464,1.0474,1156.0
b3,b3c40,2.90091,3.07151,F1,3.01951,3.12113,b3,5.6C(19%)-4.6C-newstructure,True,False,-4.29511,1.05932,796.0
b3,b3c41,2.89542,3.04477,F1,2.99277,3.09439,b3,5.6C(36%)-4.3C-newstructure,True,False,-4.21951,1.05052,786.0
b3,b3c44,2.97313,3.01364,F1,2.96164,3.06326,b3,5.3C(54%)-4C-newstructure,True,False,-4.1315,1.06972,940.0
b3,b3c45,3.25551,3.15135,F1,3.09935,3.20097,b3,4.8C(80%)-4.8C-newstructure,True,False,-4.52085,1.06955,1801.0
cv_oof,b1c0,3.26764,3.31199,F1 + qd_c2_bc,3.27262,3.35995,b1,3.6C(80%)-3.6C,False,True,-5.01486,1.07069,1852.0
cv_oof,b1c1,3.33445,3.32503,F1 + qd_c2_bc,3.28565,3.37298,b1,3.6C(80%)-3.6C,False,True,-5.01396,1.0753,2160.0
cv_oof,b1c2,3.34967,3.23901,F1 + qd_c2_bc,3.19964,3.28697,b1,3.6C(80%)-3.6C,False,True,-4.737,1.07992,2237.0
cv_oof,b1c3,3.15655,3.13943,F1 + qd_c2_bc,3.10005,3.18738,b1,4C(80%)-4C,False,True,-4.44261,1.07972,1434.0
cv_oof,b1c4,3.23274,3.20837,F1 + qd_c2_bc,3.169,3.25633,b1,4C(80%)-4C,False,True,-4.64774,1.07842,1709.0
cv_oof,b1c9,3.02284,3.01181,F1 + qd_c2_bc,2.97243,3.05976,b1,5.4C(40%)-3.6C,False,False,-4.05938,1.08297,1054.0
cv_oof,b1c11,2.89653,2.95153,F1 + qd_c2_bc,2.91216,2.99949,b1,5.4C(50%)-3C,False,False,-4.1469,1.05378,788.0
cv_oof,b1c16,2.93551,3.02761,F1 + qd_c2_bc,2.98824,3.07557,b1,5.4C(60%)-3.6C,False,False,-4.09941,1.08117,862.0
cv_oof,b1c17,2.93298,2.93797,F1 + qd_c2_bc,2.8986,2.98593,b1,5.4C(60%)-3.6C,False,False,-3.97016,1.07205,857.0
cv_oof,b1c18,2.83948,2.79047,F1 + qd_c2_bc,2.7511,2.83843,b1,5.4C(70%)-3C,False,False,-3.65008,1.06617,691.0
cv_oof,b1c19,2.89653,2.858,F1 + qd_c2_bc,2.81862,2.90595,b1,5.4C(70%)-3C,False,False,-3.61991,1.08511,788.0
cv_oof,b1c23,3.00604,2.98734,F1 + qd_c2_bc,2.94797,3.0353,b1,6C(30%)-3.6C,False,False,-4.04079,1.07929,1014.0
cv_oof,b1c24,3.00732,2.93691,F1 + qd_c2_bc,2.89754,2.98487,b1,6C(40%)-3C,False,False,-3.93866,1.07454,1017.0
cv_oof,b1c25,2.93146,2.97096,F1 + qd_c2_bc,2.93158,3.01891,b1,6C(40%)-3C,False,False,-4.02789,1.07523,854.0
cv_oof,b1c26,2.93952,2.93162,F1 + qd_c2_bc,2.89224,2.97957,b1,6C(40%)-3.6C,False,False,-3.79522,1.08765,870.0
cv_oof,b1c27,2.92531,2.91857,F1 + qd_c2_bc,2.8792,2.96653,b1,6C(40%)-3.6C,False,False,-3.8537,1.07905,842.0
cv_oof,b1c30,2.85065,2.88778,F1 + qd_c2_bc,2.84841,2.93574,b1,6C(50%)-3.6C,False,False,-3.7447,1.07986,709.0
cv_oof,b1c31,2.9425,2.95833,F1 + qd_c2_bc,2.91896,3.00629,b1,6C(50%)-3.6C,False,False,-3.77773,1.09464,876.0
cv_oof,b1c32,2.86392,2.84321,F1 + qd_c2_bc,2.80384,2.89117,b1,6C(60%)-3C,False,False,-3.64646,1.07784,731.0
cv_oof,b1c33,2.8791,2.91736,F1 + qd_c2_bc,2.87798,2.96531,b1,6C(60%)-3C,False,False,-3.66706,1.09249,757.0
cv_oof,b1c34,2.8704,2.90821,F1 + qd_c2_bc,2.86883,2.95616,b1,7C(30%)-3.6C,False,False,-3.84862,1.07662,742.0
cv_oof,b1c35,2.84696,2.85535,F1 + qd_c2_bc,2.81597,2.9033,b1,7C(30%)-3.6C,False,False,-3.77261,1.07075,703.0
cv_oof,b1c36,2.84757,2.85255,F1 + qd_c2_bc,2.81317,2.9005,b1,7C(40%)-3C,False,False,-3.6695,1.07783,704.0
cv_oof,b1c37,2.81158,2.8422,F1 + qd_c2_bc,2.80283,2.89016,b1,7C(40%)-3C,False,False,-3.67394,1.07482,648.0
cv_oof,b1c38,2.79029,2.73578,F1 + qd_c2_bc,2.6964,2.78373,b1,7C(40%)-3.6C,False,False,-3.43305,1.07295,617.0
cv_oof,b1c39,2.79588,2.79854,F1 + qd_c2_bc,2.75916,2.84649,b1,7C(40%)-3.6C,False,False,-3.50453,1.08178,625.0
cv_oof,b1c40,2.98498,3.02078,F1 + qd_c2_bc,2.9814,3.06873,b1,8C(15%)-3.6C,False,False,-4.05521,1.0833,966.0
cv_oof,b1c41,3.0216,3.00718,F1 + qd_c2_bc,2.96781,3.05514,b1,8C(15%)-3.6C,False,False,-4.07151,1.07896,1051.0
cv_oof,b1c42,2.84634,2.85338,F1 + qd_c2_bc,2.814,2.90133,b1,8C(25%)-3.6C,False,False,-3.66586,1.07987,702.0
cv_oof,b1c43,2.81358,2.8057,F1 + qd_c2_bc,2.76633,2.85366,b1,8C(25%)-3.6C,False,False,-3.66778,1.06824,651.0
cv_oof,b1c44,2.78958,2.77921,F1 + qd_c2_bc,2.73984,2.82717,b1,8C(35%)-3.6C,False,False,-3.4207,1.08477,616.0
cv_oof,b1c45,2.77743,2.77763,F1 + qd_c2_bc,2.73826,2.82559,b1,8C(35%)-3.6C,False,False,-3.42529,1.08396,599.0
valid,b1c5,3.031,3.03033,F1 + qd_c2_bc,2.99096,3.07829,b1,4.4C(80%)-4.4C,False,False,-4.17888,1.07613,1074.0
valid,b1c6,2.80346,2.87772,F1 + qd_c2_bc,2.83835,2.92568,b1,4.8C(80%)-4.8C,False,False,-3.76888,1.07584,636.0
valid,b1c7,2.93952,2.96545,F1 + qd_c2_bc,2.92608,3.01341,b1,4.8C(80%)-4.8C,False,False,-3.81349,1.09386,870.0
valid,b1c14,2.94448,2.96087,F1 + qd_c2_bc,2.9215,3.00883,b1,5.4C(60%)-3C,False,False,-4.04607,1.07097,880.0
valid,b1c15,2.85673,2.91159,F1 + qd_c2_bc,2.87221,2.95954,b1,5.4C(60%)-3C,False,False,-4.01795,1.06112,719.0
valid,b1c20,2.72754,2.71668,F1 + qd_c2_bc,2.67731,2.76464,b1,5.4C(80%)-5.4C,False,False,-3.36724,1.07263,534.0
valid,b1c21,2.74741,2.7492,F1 + qd_c2_bc,2.70983,2.79716,b1,5.4C(80%)-5.4C,False,False,-3.35034,1.08244,559.0
valid,b1c28,2.9345,2.91329,F1 + qd_c2_bc,2.87392,2.96125,b1,6C(50%)-3C,False,False,-3.84471,1.07775,860.0
valid,b1c29,2.96237,2.91766,F1 + qd_c2_bc,2.87828,2.96561,b1,6C(50%)-3C,False,False,-3.83828,1.07945,917.0
b2,b2c0,2.67852,2.81515,F1 + qd_c2_bc,2.77577,2.8631,b2,5.2C(58%)-4C,False,False,-3.48726,1.10201,477.0
b2,b2c1,2.69108,2.76127,F1 + qd_c2_bc,2.72189,2.80922,b2,5.6C(26%)-4.5C,False,False,-3.29805,1.10578,491.0
b2,b2c2,2.62737,2.69162,F1 + qd_c2_bc,2.65225,2.73958,b2,5.2C(50%)-4.25C,False,False,-3.46025,1.07539,424.0
b2,b2c3,2.6981,2.79267,F1 + qd_c2_bc,2.7533,2.84063,b2,4.65C(44%)-5C,False,False,-3.49624,1.09596,499.0
b2,b2c4,2.64738,2.6696,F1 + qd_c2_bc,2.63022,2.71755,b2,4.65C(69%)-6C,False,False,-3.23251,1.08997,444.0
b2,b2c5,2.61909,2.65349,F1 + qd_c2_bc,2.61412,2.70145,b2,3.6C(30%)-6C,False,False,-3.08588,1.09891,416.0
b2,b2c6,2.59439,2.77363,F1 + qd_c2_bc,2.73426,2.82159,b2,3.6C(9%)-5C,False,False,-3.53004,1.08856,393.0
b2,b2c7,2.89042,3.04134,F1 + qd_c2_bc,3.00197,3.0893,b2,4.8C(80%)-4.8C-newstructure,True,False,-4.23167,1.09048,777.0
b2,b2c8,2.95617,2.99419,F1 + qd_c2_bc,2.95482,3.04215,b2,5.2C(58%)-4C-newstructure,True,False,-4.10242,1.09063,904.0
b2,b2c9,2.89818,3.10222,F1 + qd_c2_bc,3.06284,3.15017,b2,5.6C(26%)-4.5C-newstructure,True,False,-4.34443,1.09497,791.0
b2,b2c10,2.69197,2.83272,F1 + qd_c2_bc,2.79334,2.88067,b2,4.8C(80%)-4.8C,False,False,-3.4509,1.10928,492.0
b2,b2c11,2.65225,2.78849,F1 + qd_c2_bc,2.74911,2.83644,b2,5.2C(50%)-4.25C,False,False,-3.48539,1.09592,449.0
b2,b2c12,2.66839,2.6955,F1 + qd_c2_bc,2.65613,2.74346,b2,4.65C(44%)-5C,False,False,-3.16797,1.10165,466.0
b2,b2c13,2.66276,2.7343,F1 + qd_c2_bc,2.69493,2.78226,b2,4.65C(69%)-6C,False,False,-3.34445,1.09544,460.0
b2,b2c14,2.62941,2.60404,F1 + qd_c2_bc,2.56466,2.65199,b2,3.6C(30%)-6C,False,False,-3.11852,1.08449,426.0
b2,b2c15,2.5977,2.68829,F1 + qd_c2_bc,2.64892,2.73625,b2,3.6C(9%)-5C,False,False,-3.51625,1.06975,396.0
b2,b2c16,2.67394,2.78611,F1 + qd_c2_bc,2.74673,2.83406,b2,4.8C(80%)-4.8C,False,False,-3.49488,1.09454,472.0
b2,b2c17,2.67302,2.77611,F1 + qd_c2_bc,2.73673,2.82406,b2,5.6C(26%)-4.5C,False,False,-3.50034,1.09172,471.0
b2,b2c18,2.65225,2.78404,F1 + qd_c2_bc,2.74467,2.832,b2,5.2C(50%)-4.25C,False,False,-3.7073,1.07563,449.0
b2,b2c19,2.59329,2.69272,F1 + qd_c2_bc,2.65335,2.74068,b2,6C(60%)-3C,False,False,-3.29196,1.09024,392.0
b2,b2c20,2.68931,2.77989,F1 + qd_c2_bc,2.74052,2.82785,b2,5.2C(58%)-4C,False,False,-3.44131,1.09773,489.0
b2,b2c21,2.61066,2.74119,F1 + qd_c2_bc,2.70182,2.78915,b2,6C(60%)-3C,False,False,-3.32668,1.09859,408.0
b2,b2c24,2.71096,2.83059,F1 + qd_c2_bc,2.79121,2.87854,b2,4.8C(80%)-4.8C,False,False,-3.64089,1.0923,514.0
b2,b2c25,2.69285,2.8191,F1 + qd_c2_bc,2.77973,2.86706,b2,5.2C(58%)-4C,False,False,-3.53448,1.09884,493.0
b2,b2c26,2.65321,2.72705,F1 + qd_c2_bc,2.68768,2.77501,b2,5.6C(26%)-4.5C,False,False,-3.22205,1.10435,450.0
b2,b2c27,2.67578,2.7745,F1 + qd_c2_bc,2.73513,2.82246,b2,5.2C(50%)-4.25C,False,False,-3.4862,1.09257,474.0
b2,b2c28,2.64048,2.74224,F1 + qd_c2_bc,2.70286,2.79019,b2,4.8C(80%)-4.8C,False,False,-3.42341,1.09045,437.0
b2,b2c29,2.65514,2.82803,F1 + qd_c2_bc,2.78866,2.87599,b2,5.2C(58%)-4C,False,False,-3.50825,1.10321,452.0
b2,b2c30,2.6149,2.67206,F1 + qd_c2_bc,2.63269,2.72002,b2,5.6C(26%)-4.5C,False,False,-3.18541,1.09464,412.0
b2,b2c31,2.62839,2.75247,F1 + qd_c2_bc,2.71309,2.80042,b2,5.6C(26%)-4.5C,False,False,-3.35236,1.09901,425.0
b2,b2c32,2.90795,2.99437,F1 + qd_c2_bc,2.955,3.04233,b2,4.8C(80%)-4.8C-newstructure,True,False,-4.13147,1.08816,809.0
b2,b2c33,3.0569,2.96795,F1 + qd_c2_bc,2.92858,3.01591,b2,5.2C(58%)-4C-newstructure,True,False,-4.23163,1.07327,1140.0
b2,b2c34,3.07408,3.02218,F1 + qd_c2_bc,2.98281,3.07014,b2,5.6C(26%)-4.5C-newstructure,True,False,-4.44859,1.06717,1186.0
b2,b2c41,2.64542,2.71109,F1 + qd_c2_bc,2.67172,2.75905,b2,5.6C(26%)-4.5C,False,False,-3.17237,1.10492,442.0
b2,b2c42,2.67578,2.81529,F1 + qd_c2_bc,2.77592,2.86325,b2,5.2C(50%)-4.25C,False,False,-3.48259,1.10244,474.0
b2,b2c43,3.01242,3.08585,F1 + qd_c2_bc,3.04647,3.1338,b2,4.8C(80%)-4.8C-newstructure,True,False,-4.27178,1.09743,1029.0
b2,b2c44,2.9248,3.11655,F1 + qd_c2_bc,3.07718,3.16451,b2,5.2C(58%)-4C-newstructure,True,False,-4.36452,1.09659,841.0
b2,b2c45,2.9987,3.07402,F1 + qd_c2_bc,3.03464,3.12197,b2,5.6C(26%)-4.5C-newstructure,True,False,-4.17521,1.10304,997.0
b2,b2c46,2.70157,2.81861,F1 + qd_c2_bc,2.77924,2.86657,b2,4.8C(80%)-4.8C,False,False,-3.50888,1.10094,503.0
b3,b3c0,3.00389,3.07449,F1 + qd_c2_bc,3.03511,3.12244,b3,5C(67%)-4C-newstructure,True,False,-4.24511,1.06746,1009.0
b3,b3c1,3.02653,3.07923,F1 + qd_c2_bc,3.03985,3.12718,b3,5.3C(54%)-4C-newstructure,True,False,-4.28554,1.06506,1063.0
b3,b3c3,3.04727,3.00748,F1 + qd_c2_bc,2.9681,3.05543,b3,5.6C(36%)-4.3C-newstructure,True,False,-4.11661,1.06289,1115.0
b3,b3c4,3.02036,3.07125,F1 + qd_c2_bc,3.03188,3.11921,b3,5.6C(19%)-4.6C-newstructure,True,False,-4.17847,1.07248,1048.0
b3,b3c5,2.91803,2.95788,F1 + qd_c2_bc,2.91851,3.00584,b3,5.6C(36%)-4.3C-newstructure,True,False,-4.11442,1.05145,828.0
b3,b3c6,2.82413,2.78772,F1 + qd_c2_bc,2.74835,2.83568,b3,3.7C(31%)-5.9C-newstructure,True,False,-3.52571,1.06261,667.0
b3,b3c7,3.26387,3.16489,F1 + qd_c2_bc,3.12552,3.21285,b3,4.8C(80%)-4.8C-newstructure,True,False,-4.48874,1.06752,1836.0
b3,b3c8,2.91803,3.00618,F1 + qd_c2_bc,2.96681,3.05414,b3,5C(67%)-4C-newstructure,True,False,-4.0918,1.06474,828.0
b3,b3c9,3.01662,2.98592,F1 + qd_c2_bc,2.94654,3.03387,b3,5.3C(54%)-4C-newstructure,True,False,-3.9823,1.06948,1039.0
b3,b3c10,3.03262,3.11175,F1 + qd_c2_bc,3.07238,3.15971,b3,4.8C(80%)-4.8C-newstructure,True,False,-4.41136,1.06177,1078.0
b3,b3c11,2.91222,2.94386,F1 + qd_c2_bc,2.90449,2.99182,b3,5.6C(19%)-4.6C-newstructure,True,False,-3.88492,1.06807,817.0
b3,b3c12,2.96942,2.99276,F1 + qd_c2_bc,2.95338,3.04071,b3,5.6C(36%)-4.3C-newstructure,True,False,-3.94679,1.07417,932.0
b3,b3c13,2.91169,3.01067,F1 + qd_c2_bc,2.9713,3.05863,b3,5.6C(19%)-4.6C-newstructure,True,False,-4.09447,1.06556,816.0
b3,b3c14,2.93349,3.00609,F1 + qd_c2_bc,2.96672,3.05405,b3,5.6C(36%)-4.3C-newstructure,True,False,-3.99967,1.07271,858.0
b3,b3c15,2.9425,2.98818,F1 + qd_c2_bc,2.94881,3.03614,b3,5.9C(15%)-4.6C-newstructure,True,False,-4.00068,1.06842,876.0
b3,b3c16,3.21431,3.21323,F1 + qd_c2_bc,3.17386,3.26119,b3,4.8C(80%)-4.8C-newstructure,True,False,-4.69451,1.06101,1638.0
b3,b3c17,3.11893,3.14219,F1 + qd_c2_bc,3.10282,3.19015,b3,5.3C(54%)-4C-newstructure,True,False,-4.43971,1.06645,1315.0
b3,b3c18,3.05918,3.08022,F1 + qd_c2_bc,3.04084,3.12817,b3,5.6C(19%)-4.6C-newstructure,True,False,-4.25405,1.06802,1146.0
b3,b3c19,3.06258,3.06648,F1 + qd_c2_bc,3.02711,3.11444,b3,5.6C(36%)-4.3C-newstructure,True,False,-4.17194,1.07192,1155.0
b3,b3c20,2.91009,2.9981,F1 + qd_c2_bc,2.95873,3.04606,b3,5C(67%)-4C-newstructure,True,False,-4.06634,1.06505,813.0
b3,b3c21,2.88762,2.87616,F1 + qd_c2_bc,2.83678,2.92411,b3,3.7C(31%)-5.9C-newstructure,True,False,-3.70433,1.06786,772.0
b3,b3c22,3.00087,2.95341,F1 + qd_c2_bc,2.91403,3.00136,b3,5.9C(60%)-3.1C-newstructure,True,False,-4.04682,1.05626,1002.0
b3,b3c24,2.91645,2.9509,F1 + qd_c2_bc,2.91153,2.99886,b3,5C(67%)-4C-newstructure,True,False,-4.15525,1.04627,825.0
b3,b3c25,2.9952,3.01106,F1 + qd_c2_bc,2.97168,3.05901,b3,5.3C(54%)-4C-newstructure,True,False,-4.14656,1.06113,989.0
b3,b3c26,3.01199,3.08448,F1 + qd_c2_bc,3.04511,3.13244,b3,5.6C(19%)-4.6C-newstructure,True,False,-4.21951,1.07202,1028.0
b3,b3c27,2.92942,3.00194,F1 + qd_c2_bc,2.96256,3.04989,b3,5.6C(36%)-4.3C-newstructure,True,False,-4.13013,1.06042,850.0
b3,b3c28,2.7332,2.7145,F1 + qd_c2_bc,2.67512,2.76245,b3,3.7C(31%)-5.9C-newstructure,True,False,-3.45166,1.05187,541.0
b3,b3c29,2.93349,3.0027,F1 + qd_c2_bc,2.96333,3.05066,b3,5.9C(15%)-4.6C-newstructure,True,False,-4.06358,1.06637,858.0
b3,b3c30,2.97081,3.02637,F1 + qd_c2_bc,2.987,3.07433,b3,5.3C(54%)-4C-newstructure,True,False,-4.10023,1.06874,935.0
b3,b3c31,2.86392,2.92758,F1 + qd_c2_bc,2.88821,2.97554,b3,5.9C(60%)-3.1C-newstructure,True,False,-3.8396,1.06818,731.0
b3,b3c33,3.10857,3.09963,F1 + qd_c2_bc,3.06025,3.14758,b3,5C(67%)-4C-newstructure,True,False,-4.3959,1.06027,1284.0
b3,b3c34,3.06371,3.07163,F1 + qd_c2_bc,3.03226,3.11959,b3,5.3C(54%)-4C-newstructure,True,False,-4.30566,1.06153,1158.0
b3,b3c35,3.03862,3.05331,F1 + qd_c2_bc,3.01394,3.10127,b3,5.6C(19%)-4.6C-newstructure,True,False,-4.23486,1.06338,1093.0
b3,b3c36,2.9652,3.03524,F1 + qd_c2_bc,2.99586,3.08319,b3,5.6C(36%)-4.3C-newstructure,True,False,-4.25346,1.05753,923.0
b3,b3c38,3.28668,3.12183,F1 + qd_c2_bc,3.08245,3.16978,b3,5C(67%)-4C-newstructure,True,False,-4.34205,1.07015,1935.0
b3,b3c39,3.06296,3.06647,F1 + qd_c2_bc,3.02709,3.11442,b3,5.3C(54%)-4C-newstructure,True,False,-4.45464,1.0474,1156.0
b3,b3c40,2.90091,3.0583,F1 + qd_c2_bc,3.01892,3.10625,b3,5.6C(19%)-4.6C-newstructure,True,False,-4.29511,1.05932,796.0
b3,b3c41,2.89542,2.99279,F1 + qd_c2_bc,2.95342,3.04075,b3,5.6C(36%)-4.3C-newstructure,True,False,-4.21951,1.05052,786.0
b3,b3c44,2.97313,3.04212,F1 + qd_c2_bc,3.00275,3.09008,b3,5.3C(54%)-4C-newstructure,True,False,-4.1315,1.06972,940.0
b3,b3c45,3.25551,3.18541,F1 + qd_c2_bc,3.14604,3.23337,b3,4.8C(80%)-4.8C-newstructure,True,False,-4.52085,1.06955,1801.0
cv_oof,b1c0,3.26764,3.31199,2피처 (F1 + qd_c2),3.27262,3.35995,b1,3.6C(80%)-3.6C,False,True,-5.01486,1.07069,1852.0
cv_oof,b1c1,3.33445,3.32503,2피처 (F1 + qd_c2),3.28565,3.37298,b1,3.6C(80%)-3.6C,False,True,-5.01396,1.0753,2160.0
cv_oof,b1c2,3.34967,3.23901,2피처 (F1 + qd_c2),3.19964,3.28697,b1,3.6C(80%)-3.6C,False,True,-4.737,1.07992,2237.0
cv_oof,b1c3,3.15655,3.13943,2피처 (F1 + qd_c2),3.10005,3.18738,b1,4C(80%)-4C,False,True,-4.44261,1.07972,1434.0
cv_oof,b1c4,3.23274,3.20837,2피처 (F1 + qd_c2),3.169,3.25633,b1,4C(80%)-4C,False,True,-4.64774,1.07842,1709.0
cv_oof,b1c9,3.02284,3.01181,2피처 (F1 + qd_c2),2.97243,3.05976,b1,5.4C(40%)-3.6C,False,False,-4.05938,1.08297,1054.0
cv_oof,b1c11,2.89653,2.95153,2피처 (F1 + qd_c2),2.91216,2.99949,b1,5.4C(50%)-3C,False,False,-4.1469,1.05378,788.0
cv_oof,b1c16,2.93551,3.02761,2피처 (F1 + qd_c2),2.98824,3.07557,b1,5.4C(60%)-3.6C,False,False,-4.09941,1.08117,862.0
cv_oof,b1c17,2.93298,2.93797,2피처 (F1 + qd_c2),2.8986,2.98593,b1,5.4C(60%)-3.6C,False,False,-3.97016,1.07205,857.0
cv_oof,b1c18,2.83948,2.79047,2피처 (F1 + qd_c2),2.7511,2.83843,b1,5.4C(70%)-3C,False,False,-3.65008,1.06617,691.0
cv_oof,b1c19,2.89653,2.858,2피처 (F1 + qd_c2),2.81862,2.90595,b1,5.4C(70%)-3C,False,False,-3.61991,1.08511,788.0
cv_oof,b1c23,3.00604,2.98734,2피처 (F1 + qd_c2),2.94797,3.0353,b1,6C(30%)-3.6C,False,False,-4.04079,1.07929,1014.0
cv_oof,b1c24,3.00732,2.93691,2피처 (F1 + qd_c2),2.89754,2.98487,b1,6C(40%)-3C,False,False,-3.93866,1.07454,1017.0
cv_oof,b1c25,2.93146,2.97096,2피처 (F1 + qd_c2),2.93158,3.01891,b1,6C(40%)-3C,False,False,-4.02789,1.07523,854.0
cv_oof,b1c26,2.93952,2.93162,2피처 (F1 + qd_c2),2.89224,2.97957,b1,6C(40%)-3.6C,False,False,-3.79522,1.08765,870.0
cv_oof,b1c27,2.92531,2.91857,2피처 (F1 + qd_c2),2.8792,2.96653,b1,6C(40%)-3.6C,False,False,-3.8537,1.07905,842.0
cv_oof,b1c30,2.85065,2.88778,2피처 (F1 + qd_c2),2.84841,2.93574,b1,6C(50%)-3.6C,False,False,-3.7447,1.07986,709.0
cv_oof,b1c31,2.9425,2.95833,2피처 (F1 + qd_c2),2.91896,3.00629,b1,6C(50%)-3.6C,False,False,-3.77773,1.09464,876.0
cv_oof,b1c32,2.86392,2.84321,2피처 (F1 + qd_c2),2.80384,2.89117,b1,6C(60%)-3C,False,False,-3.64646,1.07784,731.0
cv_oof,b1c33,2.8791,2.91736,2피처 (F1 + qd_c2),2.87798,2.96531,b1,6C(60%)-3C,False,False,-3.66706,1.09249,757.0
cv_oof,b1c34,2.8704,2.90821,2피처 (F1 + qd_c2),2.86883,2.95616,b1,7C(30%)-3.6C,False,False,-3.84862,1.07662,742.0
cv_oof,b1c35,2.84696,2.85535,2피처 (F1 + qd_c2),2.81597,2.9033,b1,7C(30%)-3.6C,False,False,-3.77261,1.07075,703.0
cv_oof,b1c36,2.84757,2.85255,2피처 (F1 + qd_c2),2.81317,2.9005,b1,7C(40%)-3C,False,False,-3.6695,1.07783,704.0
cv_oof,b1c37,2.81158,2.8422,2피처 (F1 + qd_c2),2.80283,2.89016,b1,7C(40%)-3C,False,False,-3.67394,1.07482,648.0
cv_oof,b1c38,2.79029,2.73578,2피처 (F1 + qd_c2),2.6964,2.78373,b1,7C(40%)-3.6C,False,False,-3.43305,1.07295,617.0
cv_oof,b1c39,2.79588,2.79854,2피처 (F1 + qd_c2),2.75916,2.84649,b1,7C(40%)-3.6C,False,False,-3.50453,1.08178,625.0
cv_oof,b1c40,2.98498,3.02078,2피처 (F1 + qd_c2),2.9814,3.06873,b1,8C(15%)-3.6C,False,False,-4.05521,1.0833,966.0
cv_oof,b1c41,3.0216,3.00718,2피처 (F1 + qd_c2),2.96781,3.05514,b1,8C(15%)-3.6C,False,False,-4.07151,1.07896,1051.0
cv_oof,b1c42,2.84634,2.85338,2피처 (F1 + qd_c2),2.814,2.90133,b1,8C(25%)-3.6C,False,False,-3.66586,1.07987,702.0
cv_oof,b1c43,2.81358,2.8057,2피처 (F1 + qd_c2),2.76633,2.85366,b1,8C(25%)-3.6C,False,False,-3.66778,1.06824,651.0
cv_oof,b1c44,2.78958,2.77921,2피처 (F1 + qd_c2),2.73984,2.82717,b1,8C(35%)-3.6C,False,False,-3.4207,1.08477,616.0
cv_oof,b1c45,2.77743,2.77763,2피처 (F1 + qd_c2),2.73826,2.82559,b1,8C(35%)-3.6C,False,False,-3.42529,1.08396,599.0
valid,b1c5,3.031,3.03033,2피처 (F1 + qd_c2),2.99096,3.07829,b1,4.4C(80%)-4.4C,False,False,-4.17888,1.07613,1074.0
valid,b1c6,2.80346,2.87772,2피처 (F1 + qd_c2),2.83835,2.92568,b1,4.8C(80%)-4.8C,False,False,-3.76888,1.07584,636.0
valid,b1c7,2.93952,2.96545,2피처 (F1 + qd_c2),2.92608,3.01341,b1,4.8C(80%)-4.8C,False,False,-3.81349,1.09386,870.0
valid,b1c14,2.94448,2.96087,2피처 (F1 + qd_c2),2.9215,3.00883,b1,5.4C(60%)-3C,False,False,-4.04607,1.07097,880.0
valid,b1c15,2.85673,2.91159,2피처 (F1 + qd_c2),2.87221,2.95954,b1,5.4C(60%)-3C,False,False,-4.01795,1.06112,719.0
valid,b1c20,2.72754,2.71668,2피처 (F1 + qd_c2),2.67731,2.76464,b1,5.4C(80%)-5.4C,False,False,-3.36724,1.07263,534.0
valid,b1c21,2.74741,2.7492,2피처 (F1 + qd_c2),2.70983,2.79716,b1,5.4C(80%)-5.4C,False,False,-3.35034,1.08244,559.0
valid,b1c28,2.9345,2.91329,2피처 (F1 + qd_c2),2.87392,2.96125,b1,6C(50%)-3C,False,False,-3.84471,1.07775,860.0
valid,b1c29,2.96237,2.91766,2피처 (F1 + qd_c2),2.87828,2.96561,b1,6C(50%)-3C,False,False,-3.83828,1.07945,917.0
b2,b2c0,2.67852,2.88215,2피처 (F1 + qd_c2),2.84277,2.9301,b2,5.2C(58%)-4C,False,False,-3.48726,1.10201,477.0
b2,b2c1,2.69108,2.82827,2피처 (F1 + qd_c2),2.78889,2.87622,b2,5.6C(26%)-4.5C,False,False,-3.29805,1.10578,491.0
b2,b2c2,2.62737,2.75862,2피처 (F1 + qd_c2),2.71924,2.80657,b2,5.2C(50%)-4.25C,False,False,-3.46025,1.07539,424.0
b2,b2c3,2.6981,2.85967,2피처 (F1 + qd_c2),2.82029,2.90762,b2,4.65C(44%)-5C,False,False,-3.49624,1.09596,499.0
b2,b2c4,2.64738,2.7366,2피처 (F1 + qd_c2),2.69722,2.78455,b2,4.65C(69%)-6C,False,False,-3.23251,1.08997,444.0
b2,b2c5,2.61909,2.72049,2피처 (F1 + qd_c2),2.68111,2.76844,b2,3.6C(30%)-6C,False,False,-3.08588,1.09891,416.0
b2,b2c6,2.59439,2.84063,2피처 (F1 + qd_c2),2.80126,2.88859,b2,3.6C(9%)-5C,False,False,-3.53004,1.08856,393.0
b2,b2c7,2.89042,3.10834,2피처 (F1 + qd_c2),3.06896,3.15629,b2,4.8C(80%)-4.8C-newstructure,True,False,-4.23167,1.09048,777.0
b2,b2c8,2.95617,3.06119,2피처 (F1 + qd_c2),3.02182,3.10915,b2,5.2C(58%)-4C-newstructure,True,False,-4.10242,1.09063,904.0
b2,b2c9,2.89818,3.16921,2피처 (F1 + qd_c2),3.12984,3.21717,b2,5.6C(26%)-4.5C-newstructure,True,False,-4.34443,1.09497,791.0
b2,b2c10,2.69197,2.89971,2피처 (F1 + qd_c2),2.86034,2.94767,b2,4.8C(80%)-4.8C,False,False,-3.4509,1.10928,492.0
b2,b2c11,2.65225,2.85549,2피처 (F1 + qd_c2),2.81611,2.90344,b2,5.2C(50%)-4.25C,False,False,-3.48539,1.09592,449.0
b2,b2c12,2.66839,2.7625,2피처 (F1 + qd_c2),2.72313,2.81046,b2,4.65C(44%)-5C,False,False,-3.16797,1.10165,466.0
b2,b2c13,2.66276,2.8013,2피처 (F1 + qd_c2),2.76193,2.84926,b2,4.65C(69%)-6C,False,False,-3.34445,1.09544,460.0
b2,b2c14,2.62941,2.67103,2피처 (F1 + qd_c2),2.63166,2.71899,b2,3.6C(30%)-6C,False,False,-3.11852,1.08449,426.0
b2,b2c15,2.5977,2.75529,2피처 (F1 + qd_c2),2.71592,2.80325,b2,3.6C(9%)-5C,False,False,-3.51625,1.06975,396.0
b2,b2c16,2.67394,2.85311,2피처 (F1 + qd_c2),2.81373,2.90106,b2,4.8C(80%)-4.8C,False,False,-3.49488,1.09454,472.0
b2,b2c17,2.67302,2.84311,2피처 (F1 + qd_c2),2.80373,2.89106,b2,5.6C(26%)-4.5C,False,False,-3.50034,1.09172,471.0
b2,b2c18,2.65225,2.85104,2피처 (F1 + qd_c2),2.81167,2.899,b2,5.2C(50%)-4.25C,False,False,-3.7073,1.07563,449.0
b2,b2c19,2.59329,2.75972,2피처 (F1 + qd_c2),2.72035,2.80768,b2,6C(60%)-3C,False,False,-3.29196,1.09024,392.0
b2,b2c20,2.68931,2.84689,2피처 (F1 + qd_c2),2.80752,2.89485,b2,5.2C(58%)-4C,False,False,-3.44131,1.09773,489.0
b2,b2c21,2.61066,2.80819,2피처 (F1 + qd_c2),2.76882,2.85615,b2,6C(60%)-3C,False,False,-3.32668,1.09859,408.0
b2,b2c24,2.71096,2.89758,2피처 (F1 + qd_c2),2.85821,2.94554,b2,4.8C(80%)-4.8C,False,False,-3.64089,1.0923,514.0
b2,b2c25,2.69285,2.8861,2피처 (F1 + qd_c2),2.84673,2.93406,b2,5.2C(58%)-4C,False,False,-3.53448,1.09884,493.0
b2,b2c26,2.65321,2.79405,2피처 (F1 + qd_c2),2.75468,2.84201,b2,5.6C(26%)-4.5C,False,False,-3.22205,1.10435,450.0
b2,b2c27,2.67578,2.8415,2피처 (F1 + qd_c2),2.80213,2.88946,b2,5.2C(50%)-4.25C,False,False,-3.4862,1.09257,474.0
b2,b2c28,2.64048,2.80924,2피처 (F1 + qd_c2),2.76986,2.85719,b2,4.8C(80%)-4.8C,False,False,-3.42341,1.09045,437.0
b2,b2c29,2.65514,2.89503,2피처 (F1 + qd_c2),2.85566,2.94299,b2,5.2C(58%)-4C,False,False,-3.50825,1.10321,452.0
b2,b2c30,2.6149,2.73906,2피처 (F1 + qd_c2),2.69969,2.78702,b2,5.6C(26%)-4.5C,False,False,-3.18541,1.09464,412.0
b2,b2c31,2.62839,2.81947,2피처 (F1 + qd_c2),2.78009,2.86742,b2,5.6C(26%)-4.5C,False,False,-3.35236,1.09901,425.0
b2,b2c32,2.90795,3.06137,2피처 (F1 + qd_c2),3.022,3.10933,b2,4.8C(80%)-4.8C-newstructure,True,False,-4.13147,1.08816,809.0
b2,b2c33,3.0569,3.03495,2피처 (F1 + qd_c2),2.99558,3.08291,b2,5.2C(58%)-4C-newstructure,True,False,-4.23163,1.07327,1140.0
b2,b2c34,3.07408,3.08918,2피처 (F1 + qd_c2),3.04981,3.13714,b2,5.6C(26%)-4.5C-newstructure,True,False,-4.44859,1.06717,1186.0
b2,b2c41,2.64542,2.77809,2피처 (F1 + qd_c2),2.73872,2.82605,b2,5.6C(26%)-4.5C,False,False,-3.17237,1.10492,442.0
b2,b2c42,2.67578,2.88229,2피처 (F1 + qd_c2),2.84291,2.93024,b2,5.2C(50%)-4.25C,False,False,-3.48259,1.10244,474.0
b2,b2c43,3.01242,3.15284,2피처 (F1 + qd_c2),3.11347,3.2008,b2,4.8C(80%)-4.8C-newstructure,True,False,-4.27178,1.09743,1029.0
b2,b2c44,2.9248,3.18355,2피처 (F1 + qd_c2),3.14418,3.23151,b2,5.2C(58%)-4C-newstructure,True,False,-4.36452,1.09659,841.0
b2,b2c45,2.9987,3.14102,2피처 (F1 + qd_c2),3.10164,3.18897,b2,5.6C(26%)-4.5C-newstructure,True,False,-4.17521,1.10304,997.0
b2,b2c46,2.70157,2.88561,2피처 (F1 + qd_c2),2.84624,2.93357,b2,4.8C(80%)-4.8C,False,False,-3.50888,1.10094,503.0
b3,b3c0,3.00389,3.01512,2피처 (F1 + qd_c2),2.97574,3.06307,b3,5C(67%)-4C-newstructure,True,False,-4.24511,1.06746,1009.0
b3,b3c1,3.02653,3.01986,2피처 (F1 + qd_c2),2.98048,3.06781,b3,5.3C(54%)-4C-newstructure,True,False,-4.28554,1.06506,1063.0
b3,b3c3,3.04727,2.94811,2피처 (F1 + qd_c2),2.90873,2.99606,b3,5.6C(36%)-4.3C-newstructure,True,False,-4.11661,1.06289,1115.0
b3,b3c4,3.02036,3.01188,2피처 (F1 + qd_c2),2.97251,3.05984,b3,5.6C(19%)-4.6C-newstructure,True,False,-4.17847,1.07248,1048.0
b3,b3c5,2.91803,2.89851,2피처 (F1 + qd_c2),2.85914,2.94647,b3,5.6C(36%)-4.3C-newstructure,True,False,-4.11442,1.05145,828.0
b3,b3c6,2.82413,2.72835,2피처 (F1 + qd_c2),2.68898,2.77631,b3,3.7C(31%)-5.9C-newstructure,True,False,-3.52571,1.06261,667.0
b3,b3c7,3.26387,3.10552,2피처 (F1 + qd_c2),3.06615,3.15348,b3,4.8C(80%)-4.8C-newstructure,True,False,-4.48874,1.06752,1836.0
b3,b3c8,2.91803,2.94681,2피처 (F1 + qd_c2),2.90744,2.99477,b3,5C(67%)-4C-newstructure,True,False,-4.0918,1.06474,828.0
b3,b3c9,3.01662,2.92655,2피처 (F1 + qd_c2),2.88717,2.9745,b3,5.3C(54%)-4C-newstructure,True,False,-3.9823,1.06948,1039.0
b3,b3c10,3.03262,3.05238,2피처 (F1 + qd_c2),3.01301,3.10034,b3,4.8C(80%)-4.8C-newstructure,True,False,-4.41136,1.06177,1078.0
b3,b3c11,2.91222,2.88449,2피처 (F1 + qd_c2),2.84512,2.93245,b3,5.6C(19%)-4.6C-newstructure,True,False,-3.88492,1.06807,817.0
b3,b3c12,2.96942,2.93339,2피처 (F1 + qd_c2),2.89401,2.98134,b3,5.6C(36%)-4.3C-newstructure,True,False,-3.94679,1.07417,932.0
b3,b3c13,2.91169,2.9513,2피처 (F1 + qd_c2),2.91193,2.99926,b3,5.6C(19%)-4.6C-newstructure,True,False,-4.09447,1.06556,816.0
b3,b3c14,2.93349,2.94672,2피처 (F1 + qd_c2),2.90735,2.99468,b3,5.6C(36%)-4.3C-newstructure,True,False,-3.99967,1.07271,858.0
b3,b3c15,2.9425,2.92881,2피처 (F1 + qd_c2),2.88944,2.97677,b3,5.9C(15%)-4.6C-newstructure,True,False,-4.00068,1.06842,876.0
b3,b3c16,3.21431,3.15386,2피처 (F1 + qd_c2),3.11448,3.20181,b3,4.8C(80%)-4.8C-newstructure,True,False,-4.69451,1.06101,1638.0
b3,b3c17,3.11893,3.08282,2피처 (F1 + qd_c2),3.04345,3.13078,b3,5.3C(54%)-4C-newstructure,True,False,-4.43971,1.06645,1315.0
b3,b3c18,3.05918,3.02085,2피처 (F1 + qd_c2),2.98147,3.0688,b3,5.6C(19%)-4.6C-newstructure,True,False,-4.25405,1.06802,1146.0
b3,b3c19,3.06258,3.00711,2피처 (F1 + qd_c2),2.96774,3.05507,b3,5.6C(36%)-4.3C-newstructure,True,False,-4.17194,1.07192,1155.0
b3,b3c20,2.91009,2.93873,2피처 (F1 + qd_c2),2.89936,2.98669,b3,5C(67%)-4C-newstructure,True,False,-4.06634,1.06505,813.0
b3,b3c21,2.88762,2.81679,2피처 (F1 + qd_c2),2.77741,2.86474,b3,3.7C(31%)-5.9C-newstructure,True,False,-3.70433,1.06786,772.0
b3,b3c22,3.00087,2.89404,2피처 (F1 + qd_c2),2.85466,2.94199,b3,5.9C(60%)-3.1C-newstructure,True,False,-4.04682,1.05626,1002.0
b3,b3c24,2.91645,2.89153,2피처 (F1 + qd_c2),2.85216,2.93949,b3,5C(67%)-4C-newstructure,True,False,-4.15525,1.04627,825.0
b3,b3c25,2.9952,2.95169,2피처 (F1 + qd_c2),2.91231,2.99964,b3,5.3C(54%)-4C-newstructure,True,False,-4.14656,1.06113,989.0
b3,b3c26,3.01199,3.02511,2피처 (F1 + qd_c2),2.98574,3.07307,b3,5.6C(19%)-4.6C-newstructure,True,False,-4.21951,1.07202,1028.0
b3,b3c27,2.92942,2.94257,2피처 (F1 + qd_c2),2.90319,2.99052,b3,5.6C(36%)-4.3C-newstructure,True,False,-4.13013,1.06042,850.0
b3,b3c28,2.7332,2.65513,2피처 (F1 + qd_c2),2.61575,2.70308,b3,3.7C(31%)-5.9C-newstructure,True,False,-3.45166,1.05187,541.0
b3,b3c29,2.93349,2.94333,2피처 (F1 + qd_c2),2.90396,2.99129,b3,5.9C(15%)-4.6C-newstructure,True,False,-4.06358,1.06637,858.0
b3,b3c30,2.97081,2.967,2피처 (F1 + qd_c2),2.92763,3.01496,b3,5.3C(54%)-4C-newstructure,True,False,-4.10023,1.06874,935.0
b3,b3c31,2.86392,2.86821,2피처 (F1 + qd_c2),2.82884,2.91617,b3,5.9C(60%)-3.1C-newstructure,True,False,-3.8396,1.06818,731.0
b3,b3c33,3.10857,3.04026,2피처 (F1 + qd_c2),3.00088,3.08821,b3,5C(67%)-4C-newstructure,True,False,-4.3959,1.06027,1284.0
b3,b3c34,3.06371,3.01226,2피처 (F1 + qd_c2),2.97289,3.06022,b3,5.3C(54%)-4C-newstructure,True,False,-4.30566,1.06153,1158.0
b3,b3c35,3.03862,2.99394,2피처 (F1 + qd_c2),2.95457,3.0419,b3,5.6C(19%)-4.6C-newstructure,True,False,-4.23486,1.06338,1093.0
b3,b3c36,2.9652,2.97587,2피처 (F1 + qd_c2),2.93649,3.02382,b3,5.6C(36%)-4.3C-newstructure,True,False,-4.25346,1.05753,923.0
b3,b3c38,3.28668,3.06246,2피처 (F1 + qd_c2),3.02308,3.11041,b3,5C(67%)-4C-newstructure,True,False,-4.34205,1.07015,1935.0
b3,b3c39,3.06296,3.0071,2피처 (F1 + qd_c2),2.96772,3.05505,b3,5.3C(54%)-4C-newstructure,True,False,-4.45464,1.0474,1156.0
b3,b3c40,2.90091,2.99893,2피처 (F1 + qd_c2),2.95955,3.04688,b3,5.6C(19%)-4.6C-newstructure,True,False,-4.29511,1.05932,796.0
b3,b3c41,2.89542,2.93342,2피처 (F1 + qd_c2),2.89405,2.98138,b3,5.6C(36%)-4.3C-newstructure,True,False,-4.21951,1.05052,786.0
b3,b3c44,2.97313,2.98275,2피처 (F1 + qd_c2),2.94338,3.03071,b3,5.3C(54%)-4C-newstructure,True,False,-4.1315,1.06972,940.0
b3,b3c45,3.25551,3.12604,2피처 (F1 + qd_c2),3.08667,3.174,b3,4.8C(80%)-4.8C-newstructure,True,False,-4.52085,1.06955,1801.0
cv_oof,b1c0,3.26764,2.90455,기준선 : 학습 평균,2.72774,3.18485,b1,3.6C(80%)-3.6C,False,True,-5.01486,1.07069,1852.0
cv_oof,b1c1,3.33445,2.90455,기준선 : 학습 평균,2.72774,3.18485,b1,3.6C(80%)-3.6C,False,True,-5.01396,1.0753,2160.0
cv_oof,b1c2,3.34967,2.90455,기준선 : 학습 평균,2.72774,3.18485,b1,3.6C(80%)-3.6C,False,True,-4.737,1.07992,2237.0
cv_oof,b1c3,3.15655,2.94482,기준선 : 학습 평균,2.76801,3.22512,b1,4C(80%)-4C,False,True,-4.44261,1.07972,1434.0
cv_oof,b1c4,3.23274,2.94482,기준선 : 학습 평균,2.76801,3.22512,b1,4C(80%)-4C,False,True,-4.64774,1.07842,1709.0
cv_oof,b1c9,3.02284,2.97464,기준선 : 학습 평균,2.79783,3.25495,b1,5.4C(40%)-3.6C,False,False,-4.05938,1.08297,1054.0
cv_oof,b1c11,2.89653,2.90455,기준선 : 학습 평균,2.72774,3.18485,b1,5.4C(50%)-3C,False,False,-4.1469,1.05378,788.0
cv_oof,b1c16,2.93551,2.95342,기준선 : 학습 평균,2.77661,3.23372,b1,5.4C(60%)-3.6C,False,False,-4.09941,1.08117,862.0
cv_oof,b1c17,2.93298,2.95342,기준선 : 학습 평균,2.77661,3.23372,b1,5.4C(60%)-3.6C,False,False,-3.97016,1.07205,857.0
cv_oof,b1c18,2.83948,2.97283,기준선 : 학습 평균,2.79602,3.25313,b1,5.4C(70%)-3C,False,False,-3.65008,1.06617,691.0
cv_oof,b1c19,2.89653,2.97283,기준선 : 학습 평균,2.79602,3.25313,b1,5.4C(70%)-3C,False,False,-3.61991,1.08511,788.0
cv_oof,b1c23,3.00604,2.90455,기준선 : 학습 평균,2.72774,3.18485,b1,6C(30%)-3.6C,False,False,-4.04079,1.07929,1014.0
cv_oof,b1c24,3.00732,2.90455,기준선 : 학습 평균,2.72774,3.18485,b1,6C(40%)-3C,False,False,-3.93866,1.07454,1017.0
cv_oof,b1c25,2.93146,2.90455,기준선 : 학습 평균,2.72774,3.18485,b1,6C(40%)-3C,False,False,-4.02789,1.07523,854.0
cv_oof,b1c26,2.93952,2.97464,기준선 : 학습 평균,2.79783,3.25495,b1,6C(40%)-3.6C,False,False,-3.79522,1.08765,870.0
cv_oof,b1c27,2.92531,2.97464,기준선 : 학습 평균,2.79783,3.25495,b1,6C(40%)-3.6C,False,False,-3.8537,1.07905,842.0
cv_oof,b1c30,2.85065,2.94482,기준선 : 학습 평균,2.76801,3.22512,b1,6C(50%)-3.6C,False,False,-3.7447,1.07986,709.0
cv_oof,b1c31,2.9425,2.94482,기준선 : 학습 평균,2.76801,3.22512,b1,6C(50%)-3.6C,False,False,-3.77773,1.09464,876.0
cv_oof,b1c32,2.86392,2.95342,기준선 : 학습 평균,2.77661,3.23372,b1,6C(60%)-3C,False,False,-3.64646,1.07784,731.0
cv_oof,b1c33,2.8791,2.95342,기준선 : 학습 평균,2.77661,3.23372,b1,6C(60%)-3C,False,False,-3.66706,1.09249,757.0
cv_oof,b1c34,2.8704,2.97283,기준선 : 학습 평균,2.79602,3.25313,b1,7C(30%)-3.6C,False,False,-3.84862,1.07662,742.0
cv_oof,b1c35,2.84696,2.97283,기준선 : 학습 평균,2.79602,3.25313,b1,7C(30%)-3.6C,False,False,-3.77261,1.07075,703.0
cv_oof,b1c36,2.84757,2.94482,기준선 : 학습 평균,2.76801,3.22512,b1,7C(40%)-3C,False,False,-3.6695,1.07783,704.0
cv_oof,b1c37,2.81158,2.94482,기준선 : 학습 평균,2.76801,3.22512,b1,7C(40%)-3C,False,False,-3.67394,1.07482,648.0
cv_oof,b1c38,2.79029,2.97464,기준선 : 학습 평균,2.79783,3.25495,b1,7C(40%)-3.6C,False,False,-3.43305,1.07295,617.0
cv_oof,b1c39,2.79588,2.97464,기준선 : 학습 평균,2.79783,3.25495,b1,7C(40%)-3.6C,False,False,-3.50453,1.08178,625.0
cv_oof,b1c40,2.98498,2.95342,기준선 : 학습 평균,2.77661,3.23372,b1,8C(15%)-3.6C,False,False,-4.05521,1.0833,966.0
cv_oof,b1c41,3.0216,2.95342,기준선 : 학습 평균,2.77661,3.23372,b1,8C(15%)-3.6C,False,False,-4.07151,1.07896,1051.0
cv_oof,b1c42,2.84634,2.97283,기준선 : 학습 평균,2.79602,3.25313,b1,8C(25%)-3.6C,False,False,-3.66586,1.07987,702.0
cv_oof,b1c43,2.81358,2.97283,기준선 : 학습 평균,2.79602,3.25313,b1,8C(25%)-3.6C,False,False,-3.66778,1.06824,651.0
cv_oof,b1c44,2.78958,2.97464,기준선 : 학습 평균,2.79783,3.25495,b1,8C(35%)-3.6C,False,False,-3.4207,1.08477,616.0
cv_oof,b1c45,2.77743,2.97464,기준선 : 학습 평균,2.79783,3.25495,b1,8C(35%)-3.6C,False,False,-3.42529,1.08396,599.0
valid,b1c5,3.031,2.95022,기준선 : 학습 평균,2.7734,3.23052,b1,4.4C(80%)-4.4C,False,False,-4.17888,1.07613,1074.0
valid,b1c6,2.80346,2.95022,기준선 : 학습 평균,2.7734,3.23052,b1,4.8C(80%)-4.8C,False,False,-3.76888,1.07584,636.0
valid,b1c7,2.93952,2.95022,기준선 : 학습 평균,2.7734,3.23052,b1,4.8C(80%)-4.8C,False,False,-3.81349,1.09386,870.0
valid,b1c14,2.94448,2.95022,기준선 : 학습 평균,2.7734,3.23052,b1,5.4C(60%)-3C,False,False,-4.04607,1.07097,880.0
valid,b1c15,2.85673,2.95022,기준선 : 학습 평균,2.7734,3.23052,b1,5.4C(60%)-3C,False,False,-4.01795,1.06112,719.0
valid,b1c20,2.72754,2.95022,기준선 : 학습 평균,2.7734,3.23052,b1,5.4C(80%)-5.4C,False,False,-3.36724,1.07263,534.0
valid,b1c21,2.74741,2.95022,기준선 : 학습 평균,2.7734,3.23052,b1,5.4C(80%)-5.4C,False,False,-3.35034,1.08244,559.0
valid,b1c28,2.9345,2.95022,기준선 : 학습 평균,2.7734,3.23052,b1,6C(50%)-3C,False,False,-3.84471,1.07775,860.0
valid,b1c29,2.96237,2.95022,기준선 : 학습 평균,2.7734,3.23052,b1,6C(50%)-3C,False,False,-3.83828,1.07945,917.0
b2,b2c0,2.67852,2.93546,기준선 : 학습 평균,2.75865,3.21576,b2,5.2C(58%)-4C,False,False,-3.48726,1.10201,477.0
b2,b2c1,2.69108,2.93546,기준선 : 학습 평균,2.75865,3.21576,b2,5.6C(26%)-4.5C,False,False,-3.29805,1.10578,491.0
b2,b2c2,2.62737,2.93546,기준선 : 학습 평균,2.75865,3.21576,b2,5.2C(50%)-4.25C,False,False,-3.46025,1.07539,424.0
b2,b2c3,2.6981,2.93546,기준선 : 학습 평균,2.75865,3.21576,b2,4.65C(44%)-5C,False,False,-3.49624,1.09596,499.0
b2,b2c4,2.64738,2.93546,기준선 : 학습 평균,2.75865,3.21576,b2,4.65C(69%)-6C,False,False,-3.23251,1.08997,444.0
b2,b2c5,2.61909,2.93546,기준선 : 학습 평균,2.75865,3.21576,b2,3.6C(30%)-6C,False,False,-3.08588,1.09891,416.0
b2,b2c6,2.59439,2.93546,기준선 : 학습 평균,2.75865,3.21576,b2,3.6C(9%)-5C,False,False,-3.53004,1.08856,393.0
b2,b2c7,2.89042,2.93546,기준선 : 학습 평균,2.75865,3.21576,b2,4.8C(80%)-4.8C-newstructure,True,False,-4.23167,1.09048,777.0
b2,b2c8,2.95617,2.93546,기준선 : 학습 평균,2.75865,3.21576,b2,5.2C(58%)-4C-newstructure,True,False,-4.10242,1.09063,904.0
b2,b2c9,2.89818,2.93546,기준선 : 학습 평균,2.75865,3.21576,b2,5.6C(26%)-4.5C-newstructure,True,False,-4.34443,1.09497,791.0
b2,b2c10,2.69197,2.93546,기준선 : 학습 평균,2.75865,3.21576,b2,4.8C(80%)-4.8C,False,False,-3.4509,1.10928,492.0
b2,b2c11,2.65225,2.93546,기준선 : 학습 평균,2.75865,3.21576,b2,5.2C(50%)-4.25C,False,False,-3.48539,1.09592,449.0
b2,b2c12,2.66839,2.93546,기준선 : 학습 평균,2.75865,3.21576,b2,4.65C(44%)-5C,False,False,-3.16797,1.10165,466.0
b2,b2c13,2.66276,2.93546,기준선 : 학습 평균,2.75865,3.21576,b2,4.65C(69%)-6C,False,False,-3.34445,1.09544,460.0
b2,b2c14,2.62941,2.93546,기준선 : 학습 평균,2.75865,3.21576,b2,3.6C(30%)-6C,False,False,-3.11852,1.08449,426.0
b2,b2c15,2.5977,2.93546,기준선 : 학습 평균,2.75865,3.21576,b2,3.6C(9%)-5C,False,False,-3.51625,1.06975,396.0
b2,b2c16,2.67394,2.93546,기준선 : 학습 평균,2.75865,3.21576,b2,4.8C(80%)-4.8C,False,False,-3.49488,1.09454,472.0
b2,b2c17,2.67302,2.93546,기준선 : 학습 평균,2.75865,3.21576,b2,5.6C(26%)-4.5C,False,False,-3.50034,1.09172,471.0
b2,b2c18,2.65225,2.93546,기준선 : 학습 평균,2.75865,3.21576,b2,5.2C(50%)-4.25C,False,False,-3.7073,1.07563,449.0
b2,b2c19,2.59329,2.93546,기준선 : 학습 평균,2.75865,3.21576,b2,6C(60%)-3C,False,False,-3.29196,1.09024,392.0
b2,b2c20,2.68931,2.93546,기준선 : 학습 평균,2.75865,3.21576,b2,5.2C(58%)-4C,False,False,-3.44131,1.09773,489.0
b2,b2c21,2.61066,2.93546,기준선 : 학습 평균,2.75865,3.21576,b2,6C(60%)-3C,False,False,-3.32668,1.09859,408.0
b2,b2c24,2.71096,2.93546,기준선 : 학습 평균,2.75865,3.21576,b2,4.8C(80%)-4.8C,False,False,-3.64089,1.0923,514.0
b2,b2c25,2.69285,2.93546,기준선 : 학습 평균,2.75865,3.21576,b2,5.2C(58%)-4C,False,False,-3.53448,1.09884,493.0
b2,b2c26,2.65321,2.93546,기준선 : 학습 평균,2.75865,3.21576,b2,5.6C(26%)-4.5C,False,False,-3.22205,1.10435,450.0
b2,b2c27,2.67578,2.93546,기준선 : 학습 평균,2.75865,3.21576,b2,5.2C(50%)-4.25C,False,False,-3.4862,1.09257,474.0
b2,b2c28,2.64048,2.93546,기준선 : 학습 평균,2.75865,3.21576,b2,4.8C(80%)-4.8C,False,False,-3.42341,1.09045,437.0
b2,b2c29,2.65514,2.93546,기준선 : 학습 평균,2.75865,3.21576,b2,5.2C(58%)-4C,False,False,-3.50825,1.10321,452.0
b2,b2c30,2.6149,2.93546,기준선 : 학습 평균,2.75865,3.21576,b2,5.6C(26%)-4.5C,False,False,-3.18541,1.09464,412.0
b2,b2c31,2.62839,2.93546,기준선 : 학습 평균,2.75865,3.21576,b2,5.6C(26%)-4.5C,False,False,-3.35236,1.09901,425.0
b2,b2c32,2.90795,2.93546,기준선 : 학습 평균,2.75865,3.21576,b2,4.8C(80%)-4.8C-newstructure,True,False,-4.13147,1.08816,809.0
b2,b2c33,3.0569,2.93546,기준선 : 학습 평균,2.75865,3.21576,b2,5.2C(58%)-4C-newstructure,True,False,-4.23163,1.07327,1140.0
b2,b2c34,3.07408,2.93546,기준선 : 학습 평균,2.75865,3.21576,b2,5.6C(26%)-4.5C-newstructure,True,False,-4.44859,1.06717,1186.0
b2,b2c41,2.64542,2.93546,기준선 : 학습 평균,2.75865,3.21576,b2,5.6C(26%)-4.5C,False,False,-3.17237,1.10492,442.0
b2,b2c42,2.67578,2.93546,기준선 : 학습 평균,2.75865,3.21576,b2,5.2C(50%)-4.25C,False,False,-3.48259,1.10244,474.0
b2,b2c43,3.01242,2.93546,기준선 : 학습 평균,2.75865,3.21576,b2,4.8C(80%)-4.8C-newstructure,True,False,-4.27178,1.09743,1029.0
b2,b2c44,2.9248,2.93546,기준선 : 학습 평균,2.75865,3.21576,b2,5.2C(58%)-4C-newstructure,True,False,-4.36452,1.09659,841.0
b2,b2c45,2.9987,2.93546,기준선 : 학습 평균,2.75865,3.21576,b2,5.6C(26%)-4.5C-newstructure,True,False,-4.17521,1.10304,997.0
b2,b2c46,2.70157,2.93546,기준선 : 학습 평균,2.75865,3.21576,b2,4.8C(80%)-4.8C,False,False,-3.50888,1.10094,503.0
b3,b3c0,3.00389,2.93546,기준선 : 학습 평균,2.75865,3.21576,b3,5C(67%)-4C-newstructure,True,False,-4.24511,1.06746,1009.0
b3,b3c1,3.02653,2.93546,기준선 : 학습 평균,2.75865,3.21576,b3,5.3C(54%)-4C-newstructure,True,False,-4.28554,1.06506,1063.0
b3,b3c3,3.04727,2.93546,기준선 : 학습 평균,2.75865,3.21576,b3,5.6C(36%)-4.3C-newstructure,True,False,-4.11661,1.06289,1115.0
b3,b3c4,3.02036,2.93546,기준선 : 학습 평균,2.75865,3.21576,b3,5.6C(19%)-4.6C-newstructure,True,False,-4.17847,1.07248,1048.0
b3,b3c5,2.91803,2.93546,기준선 : 학습 평균,2.75865,3.21576,b3,5.6C(36%)-4.3C-newstructure,True,False,-4.11442,1.05145,828.0
b3,b3c6,2.82413,2.93546,기준선 : 학습 평균,2.75865,3.21576,b3,3.7C(31%)-5.9C-newstructure,True,False,-3.52571,1.06261,667.0
b3,b3c7,3.26387,2.93546,기준선 : 학습 평균,2.75865,3.21576,b3,4.8C(80%)-4.8C-newstructure,True,False,-4.48874,1.06752,1836.0
b3,b3c8,2.91803,2.93546,기준선 : 학습 평균,2.75865,3.21576,b3,5C(67%)-4C-newstructure,True,False,-4.0918,1.06474,828.0
b3,b3c9,3.01662,2.93546,기준선 : 학습 평균,2.75865,3.21576,b3,5.3C(54%)-4C-newstructure,True,False,-3.9823,1.06948,1039.0
b3,b3c10,3.03262,2.93546,기준선 : 학습 평균,2.75865,3.21576,b3,4.8C(80%)-4.8C-newstructure,True,False,-4.41136,1.06177,1078.0
b3,b3c11,2.91222,2.93546,기준선 : 학습 평균,2.75865,3.21576,b3,5.6C(19%)-4.6C-newstructure,True,False,-3.88492,1.06807,817.0
b3,b3c12,2.96942,2.93546,기준선 : 학습 평균,2.75865,3.21576,b3,5.6C(36%)-4.3C-newstructure,True,False,-3.94679,1.07417,932.0
b3,b3c13,2.91169,2.93546,기준선 : 학습 평균,2.75865,3.21576,b3,5.6C(19%)-4.6C-newstructure,True,False,-4.09447,1.06556,816.0
b3,b3c14,2.93349,2.93546,기준선 : 학습 평균,2.75865,3.21576,b3,5.6C(36%)-4.3C-newstructure,True,False,-3.99967,1.07271,858.0
b3,b3c15,2.9425,2.93546,기준선 : 학습 평균,2.75865,3.21576,b3,5.9C(15%)-4.6C-newstructure,True,False,-4.00068,1.06842,876.0
b3,b3c16,3.21431,2.93546,기준선 : 학습 평균,2.75865,3.21576,b3,4.8C(80%)-4.8C-newstructure,True,False,-4.69451,1.06101,1638.0
b3,b3c17,3.11893,2.93546,기준선 : 학습 평균,2.75865,3.21576,b3,5.3C(54%)-4C-newstructure,True,False,-4.43971,1.06645,1315.0
b3,b3c18,3.05918,2.93546,기준선 : 학습 평균,2.75865,3.21576,b3,5.6C(19%)-4.6C-newstructure,True,False,-4.25405,1.06802,1146.0
b3,b3c19,3.06258,2.93546,기준선 : 학습 평균,2.75865,3.21576,b3,5.6C(36%)-4.3C-newstructure,True,False,-4.17194,1.07192,1155.0
b3,b3c20,2.91009,2.93546,기준선 : 학습 평균,2.75865,3.21576,b3,5C(67%)-4C-newstructure,True,False,-4.06634,1.06505,813.0
b3,b3c21,2.88762,2.93546,기준선 : 학습 평균,2.75865,3.21576,b3,3.7C(31%)-5.9C-newstructure,True,False,-3.70433,1.06786,772.0
b3,b3c22,3.00087,2.93546,기준선 : 학습 평균,2.75865,3.21576,b3,5.9C(60%)-3.1C-newstructure,True,False,-4.04682,1.05626,1002.0
b3,b3c24,2.91645,2.93546,기준선 : 학습 평균,2.75865,3.21576,b3,5C(67%)-4C-newstructure,True,False,-4.15525,1.04627,825.0
b3,b3c25,2.9952,2.93546,기준선 : 학습 평균,2.75865,3.21576,b3,5.3C(54%)-4C-newstructure,True,False,-4.14656,1.06113,989.0
b3,b3c26,3.01199,2.93546,기준선 : 학습 평균,2.75865,3.21576,b3,5.6C(19%)-4.6C-newstructure,True,False,-4.21951,1.07202,1028.0
b3,b3c27,2.92942,2.93546,기준선 : 학습 평균,2.75865,3.21576,b3,5.6C(36%)-4.3C-newstructure,True,False,-4.13013,1.06042,850.0
b3,b3c28,2.7332,2.93546,기준선 : 학습 평균,2.75865,3.21576,b3,3.7C(31%)-5.9C-newstructure,True,False,-3.45166,1.05187,541.0
b3,b3c29,2.93349,2.93546,기준선 : 학습 평균,2.75865,3.21576,b3,5.9C(15%)-4.6C-newstructure,True,False,-4.06358,1.06637,858.0
b3,b3c30,2.97081,2.93546,기준선 : 학습 평균,2.75865,3.21576,b3,5.3C(54%)-4C-newstructure,True,False,-4.10023,1.06874,935.0
b3,b3c31,2.86392,2.93546,기준선 : 학습 평균,2.75865,3.21576,b3,5.9C(60%)-3.1C-newstructure,True,False,-3.8396,1.06818,731.0
b3,b3c33,3.10857,2.93546,기준선 : 학습 평균,2.75865,3.21576,b3,5C(67%)-4C-newstructure,True,False,-4.3959,1.06027,1284.0
b3,b3c34,3.06371,2.93546,기준선 : 학습 평균,2.75865,3.21576,b3,5.3C(54%)-4C-newstructure,True,False,-4.30566,1.06153,1158.0
b3,b3c35,3.03862,2.93546,기준선 : 학습 평균,2.75865,3.21576,b3,5.6C(19%)-4.6C-newstructure,True,False,-4.23486,1.06338,1093.0
b3,b3c36,2.9652,2.93546,기준선 : 학습 평균,2.75865,3.21576,b3,5.6C(36%)-4.3C-newstructure,True,False,-4.25346,1.05753,923.0
b3,b3c38,3.28668,2.93546,기준선 : 학습 평균,2.75865,3.21576,b3,5C(67%)-4C-newstructure,True,False,-4.34205,1.07015,1935.0
b3,b3c39,3.06296,2.93546,기준선 : 학습 평균,2.75865,3.21576,b3,5.3C(54%)-4C-newstructure,True,False,-4.45464,1.0474,1156.0
b3,b3c40,2.90091,2.93546,기준선 : 학습 평균,2.75865,3.21576,b3,5.6C(19%)-4.6C-newstructure,True,False,-4.29511,1.05932,796.0
b3,b3c41,2.89542,2.93546,기준선 : 학습 평균,2.75865,3.21576,b3,5.6C(36%)-4.3C-newstructure,True,False,-4.21951,1.05052,786.0
b3,b3c44,2.97313,2.93546,기준선 : 학습 평균,2.75865,3.21576,b3,5.3C(54%)-4C-newstructure,True,False,-4.1315,1.06972,940.0
b3,b3c45,3.25551,2.93546,기준선 : 학습 평균,2.75865,3.21576,b3,4.8C(80%)-4.8C-newstructure,True,False,-4.52085,1.06955,1801.0
cv_oof,b1c0,3.26764,2.92354,기준선 : 용량 곡선 7개 ElasticNet,2.79407,3.16621,b1,3.6C(80%)-3.6C,False,True,-5.01486,1.07069,1852.0
cv_oof,b1c1,3.33445,2.92696,기준선 : 용량 곡선 7개 ElasticNet,2.79749,3.16963,b1,3.6C(80%)-3.6C,False,True,-5.01396,1.0753,2160.0
cv_oof,b1c2,3.34967,2.92571,기준선 : 용량 곡선 7개 ElasticNet,2.79624,3.16838,b1,3.6C(80%)-3.6C,False,True,-4.737,1.07992,2237.0
cv_oof,b1c3,3.15655,3.02016,기준선 : 용량 곡선 7개 ElasticNet,2.89068,3.26283,b1,4C(80%)-4C,False,True,-4.44261,1.07972,1434.0
cv_oof,b1c4,3.23274,2.98385,기준선 : 용량 곡선 7개 ElasticNet,2.85437,3.22652,b1,4C(80%)-4C,False,True,-4.64774,1.07842,1709.0
cv_oof,b1c9,3.02284,3.03566,기준선 : 용량 곡선 7개 ElasticNet,2.90619,3.27833,b1,5.4C(40%)-3.6C,False,False,-4.05938,1.08297,1054.0
cv_oof,b1c11,2.89653,2.93669,기준선 : 용량 곡선 7개 ElasticNet,2.80722,3.17936,b1,5.4C(50%)-3C,False,False,-4.1469,1.05378,788.0
cv_oof,b1c16,2.93551,3.09532,기준선 : 용량 곡선 7개 ElasticNet,2.96584,3.33798,b1,5.4C(60%)-3.6C,False,False,-4.09941,1.08117,862.0
cv_oof,b1c17,2.93298,3.06199,기준선 : 용량 곡선 7개 ElasticNet,2.93252,3.30466,b1,5.4C(60%)-3.6C,False,False,-3.97016,1.07205,857.0
cv_oof,b1c18,2.83948,2.65285,기준선 : 용량 곡선 7개 ElasticNet,2.52337,2.89552,b1,5.4C(70%)-3C,False,False,-3.65008,1.06617,691.0
cv_oof,b1c19,2.89653,2.93305,기준선 : 용량 곡선 7개 ElasticNet,2.80358,3.17572,b1,5.4C(70%)-3C,False,False,-3.61991,1.08511,788.0
cv_oof,b1c23,3.00604,2.90368,기준선 : 용량 곡선 7개 ElasticNet,2.77421,3.14635,b1,6C(30%)-3.6C,False,False,-4.04079,1.07929,1014.0
cv_oof,b1c24,3.00732,2.90889,기준선 : 용량 곡선 7개 ElasticNet,2.77941,3.15156,b1,6C(40%)-3C,False,False,-3.93866,1.07454,1017.0
cv_oof,b1c25,2.93146,2.90851,기준선 : 용량 곡선 7개 ElasticNet,2.77903,3.15118,b1,6C(40%)-3C,False,False,-4.02789,1.07523,854.0
cv_oof,b1c26,2.93952,2.93649,기준선 : 용량 곡선 7개 ElasticNet,2.80701,3.17915,b1,6C(40%)-3.6C,False,False,-3.79522,1.08765,870.0
cv_oof,b1c27,2.92531,2.90762,기준선 : 용량 곡선 7개 ElasticNet,2.77814,3.15028,b1,6C(40%)-3.6C,False,False,-3.8537,1.07905,842.0
cv_oof,b1c30,2.85065,2.88483,기준선 : 용량 곡선 7개 ElasticNet,2.75536,3.1275,b1,6C(50%)-3.6C,False,False,-3.7447,1.07986,709.0
cv_oof,b1c31,2.9425,2.90669,기준선 : 용량 곡선 7개 ElasticNet,2.77721,3.14936,b1,6C(50%)-3.6C,False,False,-3.77773,1.09464,876.0
cv_oof,b1c32,2.86392,2.88445,기준선 : 용량 곡선 7개 ElasticNet,2.75497,3.12712,b1,6C(60%)-3C,False,False,-3.64646,1.07784,731.0
cv_oof,b1c33,2.8791,2.92991,기준선 : 용량 곡선 7개 ElasticNet,2.80044,3.17258,b1,6C(60%)-3C,False,False,-3.66706,1.09249,757.0
cv_oof,b1c34,2.8704,2.93808,기준선 : 용량 곡선 7개 ElasticNet,2.8086,3.18075,b1,7C(30%)-3.6C,False,False,-3.84862,1.07662,742.0
cv_oof,b1c35,2.84696,2.91997,기준선 : 용량 곡선 7개 ElasticNet,2.79049,3.16263,b1,7C(30%)-3.6C,False,False,-3.77261,1.07075,703.0
cv_oof,b1c36,2.84757,2.9102,기준선 : 용량 곡선 7개 ElasticNet,2.78073,3.15287,b1,7C(40%)-3C,False,False,-3.6695,1.07783,704.0
cv_oof,b1c37,2.81158,2.89893,기준선 : 용량 곡선 7개 ElasticNet,2.76945,3.14159,b1,7C(40%)-3C,False,False,-3.67394,1.07482,648.0
cv_oof,b1c38,2.79029,2.86952,기준선 : 용량 곡선 7개 ElasticNet,2.74005,3.11219,b1,7C(40%)-3.6C,False,False,-3.43305,1.07295,617.0
cv_oof,b1c39,2.79588,2.9589,기준선 : 용량 곡선 7개 ElasticNet,2.82943,3.20157,b1,7C(40%)-3.6C,False,False,-3.50453,1.08178,625.0
cv_oof,b1c40,2.98498,2.93233,기준선 : 용량 곡선 7개 ElasticNet,2.80286,3.175,b1,8C(15%)-3.6C,False,False,-4.05521,1.0833,966.0
cv_oof,b1c41,3.0216,2.95061,기준선 : 용량 곡선 7개 ElasticNet,2.82113,3.19328,b1,8C(15%)-3.6C,False,False,-4.07151,1.07896,1051.0
cv_oof,b1c42,2.84634,2.97586,기준선 : 용량 곡선 7개 ElasticNet,2.84639,3.21853,b1,8C(25%)-3.6C,False,False,-3.66586,1.07987,702.0
cv_oof,b1c43,2.81358,2.73246,기준선 : 용량 곡선 7개 ElasticNet,2.60299,2.97513,b1,8C(25%)-3.6C,False,False,-3.66778,1.06824,651.0
cv_oof,b1c44,2.78958,2.89935,기준선 : 용량 곡선 7개 ElasticNet,2.76987,3.14201,b1,8C(35%)-3.6C,False,False,-3.4207,1.08477,616.0
cv_oof,b1c45,2.77743,2.95148,기준선 : 용량 곡선 7개 ElasticNet,2.82201,3.19415,b1,8C(35%)-3.6C,False,False,-3.42529,1.08396,599.0
valid,b1c5,3.031,2.99194,기준선 : 용량 곡선 7개 ElasticNet,2.86247,3.23461,b1,4.4C(80%)-4.4C,False,False,-4.17888,1.07613,1074.0
valid,b1c6,2.80346,3.00095,기준선 : 용량 곡선 7개 ElasticNet,2.87148,3.24362,b1,4.8C(80%)-4.8C,False,False,-3.76888,1.07584,636.0
valid,b1c7,2.93952,2.9364,기준선 : 용량 곡선 7개 ElasticNet,2.80692,3.17907,b1,4.8C(80%)-4.8C,False,False,-3.81349,1.09386,870.0
valid,b1c14,2.94448,3.03444,기준선 : 용량 곡선 7개 ElasticNet,2.90496,3.27711,b1,5.4C(60%)-3C,False,False,-4.04607,1.07097,880.0
valid,b1c15,2.85673,3.0786,기준선 : 용량 곡선 7개 ElasticNet,2.94912,3.32127,b1,5.4C(60%)-3C,False,False,-4.01795,1.06112,719.0
valid,b1c20,2.72754,2.74071,기준선 : 용량 곡선 7개 ElasticNet,2.61123,2.98338,b1,5.4C(80%)-5.4C,False,False,-3.36724,1.07263,534.0
valid,b1c21,2.74741,2.8248,기준선 : 용량 곡선 7개 ElasticNet,2.69532,3.06747,b1,5.4C(80%)-5.4C,False,False,-3.35034,1.08244,559.0
valid,b1c28,2.9345,2.88208,기준선 : 용량 곡선 7개 ElasticNet,2.75261,3.12475,b1,6C(50%)-3C,False,False,-3.84471,1.07775,860.0
valid,b1c29,2.96237,2.9129,기준선 : 용량 곡선 7개 ElasticNet,2.78343,3.15557,b1,6C(50%)-3C,False,False,-3.83828,1.07945,917.0
b2,b2c0,2.67852,3.14816,기준선 : 용량 곡선 7개 ElasticNet,3.01869,3.39083,b2,5.2C(58%)-4C,False,False,-3.48726,1.10201,477.0
b2,b2c1,2.69108,2.91381,기준선 : 용량 곡선 7개 ElasticNet,2.78434,3.15648,b2,5.6C(26%)-4.5C,False,False,-3.29805,1.10578,491.0
b2,b2c2,2.62737,2.90198,기준선 : 용량 곡선 7개 ElasticNet,2.77251,3.14465,b2,5.2C(50%)-4.25C,False,False,-3.46025,1.07539,424.0
b2,b2c3,2.6981,3.28745,기준선 : 용량 곡선 7개 ElasticNet,3.15798,3.53012,b2,4.65C(44%)-5C,False,False,-3.49624,1.09596,499.0
b2,b2c4,2.64738,2.76025,기준선 : 용량 곡선 7개 ElasticNet,2.63077,3.00292,b2,4.65C(69%)-6C,False,False,-3.23251,1.08997,444.0
b2,b2c5,2.61909,2.6315,기준선 : 용량 곡선 7개 ElasticNet,2.50203,2.87417,b2,3.6C(30%)-6C,False,False,-3.08588,1.09891,416.0
b2,b2c6,2.59439,3.23706,기준선 : 용량 곡선 7개 ElasticNet,3.10758,3.47973,b2,3.6C(9%)-5C,False,False,-3.53004,1.08856,393.0
b2,b2c7,2.89042,3.4307,기준선 : 용량 곡선 7개 ElasticNet,3.30122,3.67337,b2,4.8C(80%)-4.8C-newstructure,True,False,-4.23167,1.09048,777.0
b2,b2c8,2.95617,2.89608,기준선 : 용량 곡선 7개 ElasticNet,2.76661,3.13875,b2,5.2C(58%)-4C-newstructure,True,False,-4.10242,1.09063,904.0
b2,b2c9,2.89818,3.01754,기준선 : 용량 곡선 7개 ElasticNet,2.88807,3.26021,b2,5.6C(26%)-4.5C-newstructure,True,False,-4.34443,1.09497,791.0
b2,b2c10,2.69197,3.22519,기준선 : 용량 곡선 7개 ElasticNet,3.09572,3.46786,b2,4.8C(80%)-4.8C,False,False,-3.4509,1.10928,492.0
b2,b2c11,2.65225,3.43764,기준선 : 용량 곡선 7개 ElasticNet,3.30816,3.6803,b2,5.2C(50%)-4.25C,False,False,-3.48539,1.09592,449.0
b2,b2c12,2.66839,3.11974,기준선 : 용량 곡선 7개 ElasticNet,2.99027,3.36241,b2,4.65C(44%)-5C,False,False,-3.16797,1.10165,466.0
b2,b2c13,2.66276,2.87673,기준선 : 용량 곡선 7개 ElasticNet,2.74726,3.1194,b2,4.65C(69%)-6C,False,False,-3.34445,1.09544,460.0
b2,b2c14,2.62941,2.73164,기준선 : 용량 곡선 7개 ElasticNet,2.60216,2.97431,b2,3.6C(30%)-6C,False,False,-3.11852,1.08449,426.0
b2,b2c15,2.5977,3.13002,기준선 : 용량 곡선 7개 ElasticNet,3.00055,3.37269,b2,3.6C(9%)-5C,False,False,-3.51625,1.06975,396.0
b2,b2c16,2.67394,3.04121,기준선 : 용량 곡선 7개 ElasticNet,2.91173,3.28387,b2,4.8C(80%)-4.8C,False,False,-3.49488,1.09454,472.0
b2,b2c17,2.67302,3.51902,기준선 : 용량 곡선 7개 ElasticNet,3.38954,3.76169,b2,5.6C(26%)-4.5C,False,False,-3.50034,1.09172,471.0
b2,b2c18,2.65225,3.29821,기준선 : 용량 곡선 7개 ElasticNet,3.16874,3.54088,b2,5.2C(50%)-4.25C,False,False,-3.7073,1.07563,449.0
b2,b2c19,2.59329,3.16975,기준선 : 용량 곡선 7개 ElasticNet,3.04028,3.41242,b2,6C(60%)-3C,False,False,-3.29196,1.09024,392.0
b2,b2c20,2.68931,3.13798,기준선 : 용량 곡선 7개 ElasticNet,3.00851,3.38065,b2,5.2C(58%)-4C,False,False,-3.44131,1.09773,489.0
b2,b2c21,2.61066,3.11346,기준선 : 용량 곡선 7개 ElasticNet,2.98399,3.35613,b2,6C(60%)-3C,False,False,-3.32668,1.09859,408.0
b2,b2c24,2.71096,3.24275,기준선 : 용량 곡선 7개 ElasticNet,3.11328,3.48542,b2,4.8C(80%)-4.8C,False,False,-3.64089,1.0923,514.0
b2,b2c25,2.69285,3.20523,기준선 : 용량 곡선 7개 ElasticNet,3.07575,3.4479,b2,5.2C(58%)-4C,False,False,-3.53448,1.09884,493.0
b2,b2c26,2.65321,2.96392,기준선 : 용량 곡선 7개 ElasticNet,2.83445,3.20659,b2,5.6C(26%)-4.5C,False,False,-3.22205,1.10435,450.0
b2,b2c27,2.67578,3.36455,기준선 : 용량 곡선 7개 ElasticNet,3.23508,3.60722,b2,5.2C(50%)-4.25C,False,False,-3.4862,1.09257,474.0
b2,b2c28,2.64048,3.22117,기준선 : 용량 곡선 7개 ElasticNet,3.0917,3.46384,b2,4.8C(80%)-4.8C,False,False,-3.42341,1.09045,437.0
b2,b2c29,2.65514,3.50917,기준선 : 용량 곡선 7개 ElasticNet,3.37969,3.75183,b2,5.2C(58%)-4C,False,False,-3.50825,1.10321,452.0
b2,b2c30,2.6149,2.90824,기준선 : 용량 곡선 7개 ElasticNet,2.77877,3.15091,b2,5.6C(26%)-4.5C,False,False,-3.18541,1.09464,412.0
b2,b2c31,2.62839,2.99656,기준선 : 용량 곡선 7개 ElasticNet,2.86709,3.23923,b2,5.6C(26%)-4.5C,False,False,-3.35236,1.09901,425.0
b2,b2c32,2.90795,2.97909,기준선 : 용량 곡선 7개 ElasticNet,2.84961,3.22176,b2,4.8C(80%)-4.8C-newstructure,True,False,-4.13147,1.08816,809.0
b2,b2c33,3.0569,2.70755,기준선 : 용량 곡선 7개 ElasticNet,2.57808,2.95022,b2,5.2C(58%)-4C-newstructure,True,False,-4.23163,1.07327,1140.0
b2,b2c34,3.07408,2.72857,기준선 : 용량 곡선 7개 ElasticNet,2.59909,2.97124,b2,5.6C(26%)-4.5C-newstructure,True,False,-4.44859,1.06717,1186.0
b2,b2c41,2.64542,3.06062,기준선 : 용량 곡선 7개 ElasticNet,2.93115,3.30329,b2,5.6C(26%)-4.5C,False,False,-3.17237,1.10492,442.0
b2,b2c42,2.67578,3.35744,기준선 : 용량 곡선 7개 ElasticNet,3.22796,3.60011,b2,5.2C(50%)-4.25C,False,False,-3.48259,1.10244,474.0
b2,b2c43,3.01242,2.9629,기준선 : 용량 곡선 7개 ElasticNet,2.83343,3.20557,b2,4.8C(80%)-4.8C-newstructure,True,False,-4.27178,1.09743,1029.0
b2,b2c44,2.9248,2.91764,기준선 : 용량 곡선 7개 ElasticNet,2.78816,3.16031,b2,5.2C(58%)-4C-newstructure,True,False,-4.36452,1.09659,841.0
b2,b2c45,2.9987,2.87015,기준선 : 용량 곡선 7개 ElasticNet,2.74067,3.11281,b2,5.6C(26%)-4.5C-newstructure,True,False,-4.17521,1.10304,997.0
b2,b2c46,2.70157,3.04387,기준선 : 용량 곡선 7개 ElasticNet,2.91439,3.28654,b2,4.8C(80%)-4.8C,False,False,-3.50888,1.10094,503.0
b3,b3c0,3.00389,2.84522,기준선 : 용량 곡선 7개 ElasticNet,2.71575,3.08789,b3,5C(67%)-4C-newstructure,True,False,-4.24511,1.06746,1009.0
b3,b3c1,3.02653,2.81849,기준선 : 용량 곡선 7개 ElasticNet,2.68902,3.06116,b3,5.3C(54%)-4C-newstructure,True,False,-4.28554,1.06506,1063.0
b3,b3c3,3.04727,2.76552,기준선 : 용량 곡선 7개 ElasticNet,2.63605,3.00819,b3,5.6C(36%)-4.3C-newstructure,True,False,-4.11661,1.06289,1115.0
b3,b3c4,3.02036,2.81966,기준선 : 용량 곡선 7개 ElasticNet,2.69018,3.06232,b3,5.6C(19%)-4.6C-newstructure,True,False,-4.17847,1.07248,1048.0
b3,b3c5,2.91803,2.71841,기준선 : 용량 곡선 7개 ElasticNet,2.58893,2.96107,b3,5.6C(36%)-4.3C-newstructure,True,False,-4.11442,1.05145,828.0
b3,b3c6,2.82413,2.51736,기준선 : 용량 곡선 7개 ElasticNet,2.38789,2.76003,b3,3.7C(31%)-5.9C-newstructure,True,False,-3.52571,1.06261,667.0
b3,b3c7,3.26387,2.81911,기준선 : 용량 곡선 7개 ElasticNet,2.68964,3.06178,b3,4.8C(80%)-4.8C-newstructure,True,False,-4.48874,1.06752,1836.0
b3,b3c8,2.91803,2.83935,기준선 : 용량 곡선 7개 ElasticNet,2.70987,3.08202,b3,5C(67%)-4C-newstructure,True,False,-4.0918,1.06474,828.0
b3,b3c9,3.01662,2.86149,기준선 : 용량 곡선 7개 ElasticNet,2.73201,3.10416,b3,5.3C(54%)-4C-newstructure,True,False,-3.9823,1.06948,1039.0
b3,b3c10,3.03262,2.78341,기준선 : 용량 곡선 7개 ElasticNet,2.65393,3.02608,b3,4.8C(80%)-4.8C-newstructure,True,False,-4.41136,1.06177,1078.0
b3,b3c11,2.91222,2.78815,기준선 : 용량 곡선 7개 ElasticNet,2.65868,3.03082,b3,5.6C(19%)-4.6C-newstructure,True,False,-3.88492,1.06807,817.0
b3,b3c12,2.96942,2.82527,기준선 : 용량 곡선 7개 ElasticNet,2.69579,3.06793,b3,5.6C(36%)-4.3C-newstructure,True,False,-3.94679,1.07417,932.0
b3,b3c13,2.91169,2.84036,기준선 : 용량 곡선 7개 ElasticNet,2.71089,3.08303,b3,5.6C(19%)-4.6C-newstructure,True,False,-4.09447,1.06556,816.0
b3,b3c14,2.93349,2.92303,기준선 : 용량 곡선 7개 ElasticNet,2.79355,3.1657,b3,5.6C(36%)-4.3C-newstructure,True,False,-3.99967,1.07271,858.0
b3,b3c15,2.9425,2.79668,기준선 : 용량 곡선 7개 ElasticNet,2.6672,3.03934,b3,5.9C(15%)-4.6C-newstructure,True,False,-4.00068,1.06842,876.0
b3,b3c16,3.21431,2.78912,기준선 : 용량 곡선 7개 ElasticNet,2.65965,3.03179,b3,4.8C(80%)-4.8C-newstructure,True,False,-4.69451,1.06101,1638.0
b3,b3c17,3.11893,2.78343,기준선 : 용량 곡선 7개 ElasticNet,2.65395,3.02609,b3,5.3C(54%)-4C-newstructure,True,False,-4.43971,1.06645,1315.0
b3,b3c18,3.05918,2.75339,기준선 : 용량 곡선 7개 ElasticNet,2.62391,2.99606,b3,5.6C(19%)-4.6C-newstructure,True,False,-4.25405,1.06802,1146.0
b3,b3c19,3.06258,2.76119,기준선 : 용량 곡선 7개 ElasticNet,2.63172,3.00386,b3,5.6C(36%)-4.3C-newstructure,True,False,-4.17194,1.07192,1155.0
b3,b3c20,2.91009,2.79898,기준선 : 용량 곡선 7개 ElasticNet,2.66951,3.04165,b3,5C(67%)-4C-newstructure,True,False,-4.06634,1.06505,813.0
b3,b3c21,2.88762,2.59218,기준선 : 용량 곡선 7개 ElasticNet,2.46271,2.83485,b3,3.7C(31%)-5.9C-newstructure,True,False,-3.70433,1.06786,772.0
b3,b3c22,3.00087,2.74875,기준선 : 용량 곡선 7개 ElasticNet,2.61928,2.99142,b3,5.9C(60%)-3.1C-newstructure,True,False,-4.04682,1.05626,1002.0
b3,b3c24,2.91645,2.81067,기준선 : 용량 곡선 7개 ElasticNet,2.68119,3.05333,b3,5C(67%)-4C-newstructure,True,False,-4.15525,1.04627,825.0
b3,b3c25,2.9952,2.84497,기준선 : 용량 곡선 7개 ElasticNet,2.71549,3.08764,b3,5.3C(54%)-4C-newstructure,True,False,-4.14656,1.06113,989.0
b3,b3c26,3.01199,2.86125,기준선 : 용량 곡선 7개 ElasticNet,2.73177,3.10392,b3,5.6C(19%)-4.6C-newstructure,True,False,-4.21951,1.07202,1028.0
b3,b3c27,2.92942,2.82375,기준선 : 용량 곡선 7개 ElasticNet,2.69427,3.06642,b3,5.6C(36%)-4.3C-newstructure,True,False,-4.13013,1.06042,850.0
b3,b3c28,2.7332,2.49293,기준선 : 용량 곡선 7개 ElasticNet,2.36346,2.7356,b3,3.7C(31%)-5.9C-newstructure,True,False,-3.45166,1.05187,541.0
b3,b3c29,2.93349,2.88368,기준선 : 용량 곡선 7개 ElasticNet,2.7542,3.12635,b3,5.9C(15%)-4.6C-newstructure,True,False,-4.06358,1.06637,858.0
b3,b3c30,2.97081,2.84061,기준선 : 용량 곡선 7개 ElasticNet,2.71114,3.08328,b3,5.3C(54%)-4C-newstructure,True,False,-4.10023,1.06874,935.0
b3,b3c31,2.86392,2.82796,기준선 : 용량 곡선 7개 ElasticNet,2.69849,3.07063,b3,5.9C(60%)-3.1C-newstructure,True,False,-3.8396,1.06818,731.0
b3,b3c33,3.10857,2.75726,기준선 : 용량 곡선 7개 ElasticNet,2.62779,2.99993,b3,5C(67%)-4C-newstructure,True,False,-4.3959,1.06027,1284.0
b3,b3c34,3.06371,2.75843,기준선 : 용량 곡선 7개 ElasticNet,2.62896,3.0011,b3,5.3C(54%)-4C-newstructure,True,False,-4.30566,1.06153,1158.0
b3,b3c35,3.03862,2.74102,기준선 : 용량 곡선 7개 ElasticNet,2.61154,2.98369,b3,5.6C(19%)-4.6C-newstructure,True,False,-4.23486,1.06338,1093.0
b3,b3c36,2.9652,2.75853,기준선 : 용량 곡선 7개 ElasticNet,2.62905,3.00119,b3,5.6C(36%)-4.3C-newstructure,True,False,-4.25346,1.05753,923.0
b3,b3c38,3.28668,2.79237,기준선 : 용량 곡선 7개 ElasticNet,2.66289,3.03503,b3,5C(67%)-4C-newstructure,True,False,-4.34205,1.07015,1935.0
b3,b3c39,3.06296,2.77628,기준선 : 용량 곡선 7개 ElasticNet,2.6468,3.01895,b3,5.3C(54%)-4C-newstructure,True,False,-4.45464,1.0474,1156.0
b3,b3c40,2.90091,2.8372,기준선 : 용량 곡선 7개 ElasticNet,2.70773,3.07987,b3,5.6C(19%)-4.6C-newstructure,True,False,-4.29511,1.05932,796.0
b3,b3c41,2.89542,2.80744,기준선 : 용량 곡선 7개 ElasticNet,2.67796,3.05011,b3,5.6C(36%)-4.3C-newstructure,True,False,-4.21951,1.05052,786.0
b3,b3c44,2.97313,2.87553,기준선 : 용량 곡선 7개 ElasticNet,2.74605,3.1182,b3,5.3C(54%)-4C-newstructure,True,False,-4.1315,1.06972,940.0
b3,b3c45,3.25551,2.80489,기준선 : 용량 곡선 7개 ElasticNet,2.67541,3.04756,b3,4.8C(80%)-4.8C-newstructure,True,False,-4.52085,1.06955,1801.0
cv_oof,b1c0,3.26764,3.31199,F1 + qd_c2_bz,3.27262,3.35995,b1,3.6C(80%)-3.6C,False,True,-5.01486,1.07069,1852.0
cv_oof,b1c1,3.33445,3.32503,F1 + qd_c2_bz,3.28565,3.37298,b1,3.6C(80%)-3.6C,False,True,-5.01396,1.0753,2160.0
cv_oof,b1c2,3.34967,3.23901,F1 + qd_c2_bz,3.19964,3.28697,b1,3.6C(80%)-3.6C,False,True,-4.737,1.07992,2237.0
cv_oof,b1c3,3.15655,3.13943,F1 + qd_c2_bz,3.10005,3.18738,b1,4C(80%)-4C,False,True,-4.44261,1.07972,1434.0
cv_oof,b1c4,3.23274,3.20837,F1 + qd_c2_bz,3.169,3.25633,b1,4C(80%)-4C,False,True,-4.64774,1.07842,1709.0
cv_oof,b1c9,3.02284,3.01181,F1 + qd_c2_bz,2.97243,3.05976,b1,5.4C(40%)-3.6C,False,False,-4.05938,1.08297,1054.0
cv_oof,b1c11,2.89653,2.95153,F1 + qd_c2_bz,2.91216,2.99949,b1,5.4C(50%)-3C,False,False,-4.1469,1.05378,788.0
cv_oof,b1c16,2.93551,3.02761,F1 + qd_c2_bz,2.98824,3.07557,b1,5.4C(60%)-3.6C,False,False,-4.09941,1.08117,862.0
cv_oof,b1c17,2.93298,2.93797,F1 + qd_c2_bz,2.8986,2.98593,b1,5.4C(60%)-3.6C,False,False,-3.97016,1.07205,857.0
cv_oof,b1c18,2.83948,2.79047,F1 + qd_c2_bz,2.7511,2.83843,b1,5.4C(70%)-3C,False,False,-3.65008,1.06617,691.0
cv_oof,b1c19,2.89653,2.858,F1 + qd_c2_bz,2.81862,2.90595,b1,5.4C(70%)-3C,False,False,-3.61991,1.08511,788.0
cv_oof,b1c23,3.00604,2.98734,F1 + qd_c2_bz,2.94797,3.0353,b1,6C(30%)-3.6C,False,False,-4.04079,1.07929,1014.0
cv_oof,b1c24,3.00732,2.93691,F1 + qd_c2_bz,2.89754,2.98487,b1,6C(40%)-3C,False,False,-3.93866,1.07454,1017.0
cv_oof,b1c25,2.93146,2.97096,F1 + qd_c2_bz,2.93158,3.01891,b1,6C(40%)-3C,False,False,-4.02789,1.07523,854.0
cv_oof,b1c26,2.93952,2.93162,F1 + qd_c2_bz,2.89224,2.97957,b1,6C(40%)-3.6C,False,False,-3.79522,1.08765,870.0
cv_oof,b1c27,2.92531,2.91857,F1 + qd_c2_bz,2.8792,2.96653,b1,6C(40%)-3.6C,False,False,-3.8537,1.07905,842.0
cv_oof,b1c30,2.85065,2.88778,F1 + qd_c2_bz,2.84841,2.93574,b1,6C(50%)-3.6C,False,False,-3.7447,1.07986,709.0
cv_oof,b1c31,2.9425,2.95833,F1 + qd_c2_bz,2.91896,3.00629,b1,6C(50%)-3.6C,False,False,-3.77773,1.09464,876.0
cv_oof,b1c32,2.86392,2.84321,F1 + qd_c2_bz,2.80384,2.89117,b1,6C(60%)-3C,False,False,-3.64646,1.07784,731.0
cv_oof,b1c33,2.8791,2.91736,F1 + qd_c2_bz,2.87798,2.96531,b1,6C(60%)-3C,False,False,-3.66706,1.09249,757.0
cv_oof,b1c34,2.8704,2.90821,F1 + qd_c2_bz,2.86883,2.95616,b1,7C(30%)-3.6C,False,False,-3.84862,1.07662,742.0
cv_oof,b1c35,2.84696,2.85535,F1 + qd_c2_bz,2.81597,2.9033,b1,7C(30%)-3.6C,False,False,-3.77261,1.07075,703.0
cv_oof,b1c36,2.84757,2.85255,F1 + qd_c2_bz,2.81317,2.9005,b1,7C(40%)-3C,False,False,-3.6695,1.07783,704.0
cv_oof,b1c37,2.81158,2.8422,F1 + qd_c2_bz,2.80283,2.89016,b1,7C(40%)-3C,False,False,-3.67394,1.07482,648.0
cv_oof,b1c38,2.79029,2.73578,F1 + qd_c2_bz,2.6964,2.78373,b1,7C(40%)-3.6C,False,False,-3.43305,1.07295,617.0
cv_oof,b1c39,2.79588,2.79854,F1 + qd_c2_bz,2.75916,2.84649,b1,7C(40%)-3.6C,False,False,-3.50453,1.08178,625.0
cv_oof,b1c40,2.98498,3.02078,F1 + qd_c2_bz,2.9814,3.06873,b1,8C(15%)-3.6C,False,False,-4.05521,1.0833,966.0
cv_oof,b1c41,3.0216,3.00718,F1 + qd_c2_bz,2.96781,3.05514,b1,8C(15%)-3.6C,False,False,-4.07151,1.07896,1051.0
cv_oof,b1c42,2.84634,2.85338,F1 + qd_c2_bz,2.814,2.90133,b1,8C(25%)-3.6C,False,False,-3.66586,1.07987,702.0
cv_oof,b1c43,2.81358,2.8057,F1 + qd_c2_bz,2.76633,2.85366,b1,8C(25%)-3.6C,False,False,-3.66778,1.06824,651.0
cv_oof,b1c44,2.78958,2.77921,F1 + qd_c2_bz,2.73984,2.82717,b1,8C(35%)-3.6C,False,False,-3.4207,1.08477,616.0
cv_oof,b1c45,2.77743,2.77763,F1 + qd_c2_bz,2.73826,2.82559,b1,8C(35%)-3.6C,False,False,-3.42529,1.08396,599.0
valid,b1c5,3.031,3.03033,F1 + qd_c2_bz,2.99096,3.07829,b1,4.4C(80%)-4.4C,False,False,-4.17888,1.07613,1074.0
valid,b1c6,2.80346,2.87772,F1 + qd_c2_bz,2.83835,2.92568,b1,4.8C(80%)-4.8C,False,False,-3.76888,1.07584,636.0
valid,b1c7,2.93952,2.96545,F1 + qd_c2_bz,2.92608,3.01341,b1,4.8C(80%)-4.8C,False,False,-3.81349,1.09386,870.0
valid,b1c14,2.94448,2.96087,F1 + qd_c2_bz,2.9215,3.00883,b1,5.4C(60%)-3C,False,False,-4.04607,1.07097,880.0
valid,b1c15,2.85673,2.91159,F1 + qd_c2_bz,2.87221,2.95954,b1,5.4C(60%)-3C,False,False,-4.01795,1.06112,719.0
valid,b1c20,2.72754,2.71668,F1 + qd_c2_bz,2.67731,2.76464,b1,5.4C(80%)-5.4C,False,False,-3.36724,1.07263,534.0
valid,b1c21,2.74741,2.7492,F1 + qd_c2_bz,2.70983,2.79716,b1,5.4C(80%)-5.4C,False,False,-3.35034,1.08244,559.0
valid,b1c28,2.9345,2.91329,F1 + qd_c2_bz,2.87392,2.96125,b1,6C(50%)-3C,False,False,-3.84471,1.07775,860.0
valid,b1c29,2.96237,2.91766,F1 + qd_c2_bz,2.87828,2.96561,b1,6C(50%)-3C,False,False,-3.83828,1.07945,917.0
b2,b2c0,2.67852,2.80748,F1 + qd_c2_bz,2.76811,2.85544,b2,5.2C(58%)-4C,False,False,-3.48726,1.10201,477.0
b2,b2c1,2.69108,2.75019,F1 + qd_c2_bz,2.71082,2.79815,b2,5.6C(26%)-4.5C,False,False,-3.29805,1.10578,491.0
b2,b2c2,2.62737,2.70798,F1 + qd_c2_bz,2.66861,2.75594,b2,5.2C(50%)-4.25C,False,False,-3.46025,1.07539,424.0
b2,b2c3,2.6981,2.79046,F1 + qd_c2_bz,2.75109,2.83842,b2,4.65C(44%)-5C,False,False,-3.49624,1.09596,499.0
b2,b2c4,2.64738,2.67279,F1 + qd_c2_bz,2.63342,2.72075,b2,4.65C(69%)-6C,False,False,-3.23251,1.08997,444.0
b2,b2c5,2.61909,2.64861,F1 + qd_c2_bz,2.60924,2.69657,b2,3.6C(30%)-6C,False,False,-3.08588,1.09891,416.0
b2,b2c6,2.59439,2.7781,F1 + qd_c2_bz,2.73873,2.82606,b2,3.6C(9%)-5C,False,False,-3.53004,1.08856,393.0
b2,b2c7,2.89042,3.04408,F1 + qd_c2_bz,3.0047,3.09203,b2,4.8C(80%)-4.8C-newstructure,True,False,-4.23167,1.09048,777.0
b2,b2c8,2.95617,2.99679,F1 + qd_c2_bz,2.95742,3.04475,b2,5.2C(58%)-4C-newstructure,True,False,-4.10242,1.09063,904.0
b2,b2c9,2.89818,3.1009,F1 + qd_c2_bz,3.06152,3.14885,b2,5.6C(26%)-4.5C-newstructure,True,False,-4.34443,1.09497,791.0
b2,b2c10,2.69197,2.81848,F1 + qd_c2_bz,2.77911,2.86644,b2,4.8C(80%)-4.8C,False,False,-3.4509,1.10928,492.0
b2,b2c11,2.65225,2.78632,F1 + qd_c2_bz,2.74694,2.83427,b2,5.2C(50%)-4.25C,False,False,-3.48539,1.09592,449.0
b2,b2c12,2.66839,2.68816,F1 + qd_c2_bz,2.64879,2.73612,b2,4.65C(44%)-5C,False,False,-3.16797,1.10165,466.0
b2,b2c13,2.66276,2.73256,F1 + qd_c2_bz,2.69319,2.78052,b2,4.65C(69%)-6C,False,False,-3.34445,1.09544,460.0
b2,b2c14,2.62941,2.61218,F1 + qd_c2_bz,2.57281,2.66014,b2,3.6C(30%)-6C,False,False,-3.11852,1.08449,426.0
b2,b2c15,2.5977,2.70975,F1 + qd_c2_bz,2.67037,2.7577,b2,3.6C(9%)-5C,False,False,-3.51625,1.06975,396.0
b2,b2c16,2.67394,2.78518,F1 + qd_c2_bz,2.74581,2.83314,b2,4.8C(80%)-4.8C,False,False,-3.49488,1.09454,472.0
b2,b2c17,2.67302,2.77773,F1 + qd_c2_bz,2.73835,2.82568,b2,5.6C(26%)-4.5C,False,False,-3.50034,1.09172,471.0
b2,b2c18,2.65225,2.80019,F1 + qd_c2_bz,2.76081,2.84814,b2,5.2C(50%)-4.25C,False,False,-3.7073,1.07563,449.0
b2,b2c19,2.59329,2.69568,F1 + qd_c2_bz,2.6563,2.74363,b2,6C(60%)-3C,False,False,-3.29196,1.09024,392.0
b2,b2c20,2.68931,2.77609,F1 + qd_c2_bz,2.73672,2.82405,b2,5.2C(58%)-4C,False,False,-3.44131,1.09773,489.0
b2,b2c21,2.61066,2.73661,F1 + qd_c2_bz,2.69723,2.78456,b2,6C(60%)-3C,False,False,-3.32668,1.09859,408.0
b2,b2c24,2.71096,2.83168,F1 + qd_c2_bz,2.7923,2.87963,b2,4.8C(80%)-4.8C,False,False,-3.64089,1.0923,514.0
b2,b2c25,2.69285,2.81429,F1 + qd_c2_bz,2.77492,2.86225,b2,5.2C(58%)-4C,False,False,-3.53448,1.09884,493.0
b2,b2c26,2.65321,2.71727,F1 + qd_c2_bz,2.67789,2.76522,b2,5.6C(26%)-4.5C,False,False,-3.22205,1.10435,450.0
b2,b2c27,2.67578,2.77536,F1 + qd_c2_bz,2.73598,2.82331,b2,5.2C(50%)-4.25C,False,False,-3.4862,1.09257,474.0
b2,b2c28,2.64048,2.745,F1 + qd_c2_bz,2.70563,2.79296,b2,4.8C(80%)-4.8C,False,False,-3.42341,1.09045,437.0
b2,b2c29,2.65514,2.81928,F1 + qd_c2_bz,2.77991,2.86724,b2,5.2C(58%)-4C,False,False,-3.50825,1.10321,452.0
b2,b2c30,2.6149,2.67105,F1 + qd_c2_bz,2.63167,2.719,b2,5.6C(26%)-4.5C,False,False,-3.18541,1.09464,412.0
b2,b2c31,2.62839,2.7475,F1 + qd_c2_bz,2.70813,2.79546,b2,5.6C(26%)-4.5C,False,False,-3.35236,1.09901,425.0
b2,b2c32,2.90795,2.99921,F1 + qd_c2_bz,2.95983,3.04716,b2,4.8C(80%)-4.8C-newstructure,True,False,-4.13147,1.08816,809.0
b2,b2c33,3.0569,2.98622,F1 + qd_c2_bz,2.94685,3.03418,b2,5.2C(58%)-4C-newstructure,True,False,-4.23163,1.07327,1140.0
b2,b2c34,3.07408,3.04596,F1 + qd_c2_bz,3.00659,3.09392,b2,5.6C(26%)-4.5C-newstructure,True,False,-4.44859,1.06717,1186.0
b2,b2c41,2.64542,2.70079,F1 + qd_c2_bz,2.66142,2.74875,b2,5.6C(26%)-4.5C,False,False,-3.17237,1.10492,442.0
b2,b2c42,2.67578,2.80723,F1 + qd_c2_bz,2.76785,2.85518,b2,5.2C(50%)-4.25C,False,False,-3.48259,1.10244,474.0
b2,b2c43,3.01242,3.0823,F1 + qd_c2_bz,3.04293,3.13026,b2,4.8C(80%)-4.8C-newstructure,True,False,-4.27178,1.09743,1029.0
b2,b2c44,2.9248,3.11377,F1 + qd_c2_bz,3.0744,3.16173,b2,5.2C(58%)-4C-newstructure,True,False,-4.36452,1.09659,841.0
b2,b2c45,2.9987,3.06542,F1 + qd_c2_bz,3.02605,3.11338,b2,5.6C(26%)-4.5C-newstructure,True,False,-4.17521,1.10304,997.0
b2,b2c46,2.70157,2.8119,F1 + qd_c2_bz,2.77253,2.85986,b2,4.8C(80%)-4.8C,False,False,-3.50888,1.10094,503.0
b3,b3c0,3.00389,3.07636,F1 + qd_c2_bz,3.03699,3.12432,b3,5C(67%)-4C-newstructure,True,False,-4.24511,1.06746,1009.0
b3,b3c1,3.02653,3.07985,F1 + qd_c2_bz,3.04047,3.1278,b3,5.3C(54%)-4C-newstructure,True,False,-4.28554,1.06506,1063.0
b3,b3c3,3.04727,3.00696,F1 + qd_c2_bz,2.96758,3.05491,b3,5.6C(36%)-4.3C-newstructure,True,False,-4.11661,1.06289,1115.0
b3,b3c4,3.02036,3.07576,F1 + qd_c2_bz,3.03639,3.12372,b3,5.6C(19%)-4.6C-newstructure,True,False,-4.17847,1.07248,1048.0
b3,b3c5,2.91803,2.95136,F1 + qd_c2_bz,2.91198,2.99931,b3,5.6C(36%)-4.3C-newstructure,True,False,-4.11442,1.05145,828.0
b3,b3c6,2.82413,2.78705,F1 + qd_c2_bz,2.74768,2.83501,b3,3.7C(31%)-5.9C-newstructure,True,False,-3.52571,1.06261,667.0
b3,b3c7,3.26387,3.1668,F1 + qd_c2_bz,3.12743,3.21476,b3,4.8C(80%)-4.8C-newstructure,True,False,-4.48874,1.06752,1836.0
b3,b3c8,2.91803,3.00663,F1 + qd_c2_bz,2.96725,3.05458,b3,5C(67%)-4C-newstructure,True,False,-4.0918,1.06474,828.0
b3,b3c9,3.01662,2.98886,F1 + qd_c2_bz,2.94948,3.03681,b3,5.3C(54%)-4C-newstructure,True,False,-3.9823,1.06948,1039.0
b3,b3c10,3.03262,3.11065,F1 + qd_c2_bz,3.07127,3.1586,b3,4.8C(80%)-4.8C-newstructure,True,False,-4.41136,1.06177,1078.0
b3,b3c11,2.91222,2.94606,F1 + qd_c2_bz,2.90669,2.99402,b3,5.6C(19%)-4.6C-newstructure,True,False,-3.88492,1.06807,817.0
b3,b3c12,2.96942,2.99815,F1 + qd_c2_bz,2.95878,3.04611,b3,5.6C(36%)-4.3C-newstructure,True,False,-3.94679,1.07417,932.0
b3,b3c13,2.91169,3.01155,F1 + qd_c2_bz,2.97218,3.05951,b3,5.6C(19%)-4.6C-newstructure,True,False,-4.09447,1.06556,816.0
b3,b3c14,2.93349,3.01072,F1 + qd_c2_bz,2.97135,3.05868,b3,5.6C(36%)-4.3C-newstructure,True,False,-3.99967,1.07271,858.0
b3,b3c15,2.9425,2.99056,F1 + qd_c2_bz,2.95119,3.03852,b3,5.9C(15%)-4.6C-newstructure,True,False,-4.00068,1.06842,876.0
b3,b3c16,3.21431,3.21172,F1 + qd_c2_bz,3.17235,3.25968,b3,4.8C(80%)-4.8C-newstructure,True,False,-4.69451,1.06101,1638.0
b3,b3c17,3.11893,3.14354,F1 + qd_c2_bz,3.10416,3.19149,b3,5.3C(54%)-4C-newstructure,True,False,-4.43971,1.06645,1315.0
b3,b3c18,3.05918,3.08239,F1 + qd_c2_bz,3.04302,3.13035,b3,5.6C(19%)-4.6C-newstructure,True,False,-4.25405,1.06802,1146.0
b3,b3c19,3.06258,3.07071,F1 + qd_c2_bz,3.03133,3.11866,b3,5.6C(36%)-4.3C-newstructure,True,False,-4.17194,1.07192,1155.0
b3,b3c20,2.91009,2.99872,F1 + qd_c2_bz,2.95934,3.04667,b3,5C(67%)-4C-newstructure,True,False,-4.06634,1.06505,813.0
b3,b3c21,2.88762,2.87824,F1 + qd_c2_bz,2.83887,2.9262,b3,3.7C(31%)-5.9C-newstructure,True,False,-3.70433,1.06786,772.0
b3,b3c22,3.00087,2.94941,F1 + qd_c2_bz,2.91003,2.99736,b3,5.9C(60%)-3.1C-newstructure,True,False,-4.04682,1.05626,1002.0
b3,b3c24,2.91645,2.94166,F1 + qd_c2_bz,2.90229,2.98962,b3,5C(67%)-4C-newstructure,True,False,-4.15525,1.04627,825.0
b3,b3c25,2.9952,3.00961,F1 + qd_c2_bz,2.97024,3.05757,b3,5.3C(54%)-4C-newstructure,True,False,-4.14656,1.06113,989.0
b3,b3c26,3.01199,3.08875,F1 + qd_c2_bz,3.04938,3.13671,b3,5.6C(19%)-4.6C-newstructure,True,False,-4.21951,1.07202,1028.0
b3,b3c27,2.92942,3.00012,F1 + qd_c2_bz,2.96074,3.04807,b3,5.6C(36%)-4.3C-newstructure,True,False,-4.13013,1.06042,850.0
b3,b3c28,2.7332,2.70819,F1 + qd_c2_bz,2.66881,2.75614,b3,3.7C(31%)-5.9C-newstructure,True,False,-3.45166,1.05187,541.0
b3,b3c29,2.93349,3.00401,F1 + qd_c2_bz,2.96463,3.05196,b3,5.9C(15%)-4.6C-newstructure,True,False,-4.06358,1.06637,858.0
b3,b3c30,2.97081,3.02892,F1 + qd_c2_bz,2.98955,3.07688,b3,5.3C(54%)-4C-newstructure,True,False,-4.10023,1.06874,935.0
b3,b3c31,2.86392,2.92984,F1 + qd_c2_bz,2.89047,2.9778,b3,5.9C(60%)-3.1C-newstructure,True,False,-3.8396,1.06818,731.0
b3,b3c33,3.10857,3.09773,F1 + qd_c2_bz,3.05836,3.14569,b3,5C(67%)-4C-newstructure,True,False,-4.3959,1.06027,1284.0
b3,b3c34,3.06371,3.0704,F1 + qd_c2_bz,3.03103,3.11836,b3,5.3C(54%)-4C-newstructure,True,False,-4.30566,1.06153,1158.0
b3,b3c35,3.03862,3.05305,F1 + qd_c2_bz,3.01368,3.10101,b3,5.6C(19%)-4.6C-newstructure,True,False,-4.23486,1.06338,1093.0
b3,b3c36,2.9652,3.0319,F1 + qd_c2_bz,2.99253,3.07986,b3,5.6C(36%)-4.3C-newstructure,True,False,-4.25346,1.05753,923.0
b3,b3c38,3.28668,3.12512,F1 + qd_c2_bz,3.08574,3.17307,b3,5C(67%)-4C-newstructure,True,False,-4.34205,1.07015,1935.0
b3,b3c39,3.06296,3.05782,F1 + qd_c2_bz,3.01844,3.10577,b3,5.3C(54%)-4C-newstructure,True,False,-4.45464,1.0474,1156.0
b3,b3c40,2.90091,3.0559,F1 + qd_c2_bz,3.01653,3.10386,b3,5.6C(19%)-4.6C-newstructure,True,False,-4.29511,1.05932,796.0
b3,b3c41,2.89542,2.98578,F1 + qd_c2_bz,2.94641,3.03374,b3,5.6C(36%)-4.3C-newstructure,True,False,-4.21951,1.05052,786.0
b3,b3c44,2.97313,3.04518,F1 + qd_c2_bz,3.00581,3.09314,b3,5.3C(54%)-4C-newstructure,True,False,-4.1315,1.06972,940.0
b3,b3c45,3.25551,3.18839,F1 + qd_c2_bz,3.14901,3.23634,b3,4.8C(80%)-4.8C-newstructure,True,False,-4.52085,1.06955,1801.0
cv_oof,b1c0,3.26764,3.40093,F2 ElasticNet,3.34392,3.47197,b1,3.6C(80%)-3.6C,False,True,-5.01486,1.07069,1852.0
cv_oof,b1c1,3.33445,3.21827,F2 ElasticNet,3.16127,3.28931,b1,3.6C(80%)-3.6C,False,True,-5.01396,1.0753,2160.0
cv_oof,b1c2,3.34967,3.22817,F2 ElasticNet,3.17117,3.29921,b1,3.6C(80%)-3.6C,False,True,-4.737,1.07992,2237.0
cv_oof,b1c3,3.15655,3.12679,F2 ElasticNet,3.06978,3.19783,b1,4C(80%)-4C,False,True,-4.44261,1.07972,1434.0
cv_oof,b1c4,3.23274,3.15674,F2 ElasticNet,3.09973,3.22778,b1,4C(80%)-4C,False,True,-4.64774,1.07842,1709.0
cv_oof,b1c9,3.02284,2.98279,F2 ElasticNet,2.92578,3.05383,b1,5.4C(40%)-3.6C,False,False,-4.05938,1.08297,1054.0
cv_oof,b1c11,2.89653,3.10379,F2 ElasticNet,3.04679,3.17483,b1,5.4C(50%)-3C,False,False,-4.1469,1.05378,788.0
cv_oof,b1c16,2.93551,3.0346,F2 ElasticNet,2.97759,3.10564,b1,5.4C(60%)-3.6C,False,False,-4.09941,1.08117,862.0
cv_oof,b1c17,2.93298,2.94926,F2 ElasticNet,2.89225,3.0203,b1,5.4C(60%)-3.6C,False,False,-3.97016,1.07205,857.0
cv_oof,b1c18,2.83948,2.83831,F2 ElasticNet,2.7813,2.90935,b1,5.4C(70%)-3C,False,False,-3.65008,1.06617,691.0
cv_oof,b1c19,2.89653,2.8228,F2 ElasticNet,2.76579,2.89384,b1,5.4C(70%)-3C,False,False,-3.61991,1.08511,788.0
cv_oof,b1c23,3.00604,2.96346,F2 ElasticNet,2.90646,3.0345,b1,6C(30%)-3.6C,False,False,-4.04079,1.07929,1014.0
cv_oof,b1c24,3.00732,2.98131,F2 ElasticNet,2.92431,3.05235,b1,6C(40%)-3C,False,False,-3.93866,1.07454,1017.0
cv_oof,b1c25,2.93146,2.98856,F2 ElasticNet,2.93156,3.0596,b1,6C(40%)-3C,False,False,-4.02789,1.07523,854.0
cv_oof,b1c26,2.93952,2.89732,F2 ElasticNet,2.84031,2.96836,b1,6C(40%)-3.6C,False,False,-3.79522,1.08765,870.0
cv_oof,b1c27,2.92531,2.91268,F2 ElasticNet,2.85567,2.98372,b1,6C(40%)-3.6C,False,False,-3.8537,1.07905,842.0
cv_oof,b1c30,2.85065,2.88742,F2 ElasticNet,2.83041,2.95846,b1,6C(50%)-3.6C,False,False,-3.7447,1.07986,709.0
cv_oof,b1c31,2.9425,2.89568,F2 ElasticNet,2.83867,2.96672,b1,6C(50%)-3.6C,False,False,-3.77773,1.09464,876.0
cv_oof,b1c32,2.86392,2.84494,F2 ElasticNet,2.78793,2.91598,b1,6C(60%)-3C,False,False,-3.64646,1.07784,731.0
cv_oof,b1c33,2.8791,2.89062,F2 ElasticNet,2.83361,2.96166,b1,6C(60%)-3C,False,False,-3.66706,1.09249,757.0
cv_oof,b1c34,2.8704,2.92653,F2 ElasticNet,2.86952,2.99757,b1,7C(30%)-3.6C,False,False,-3.84862,1.07662,742.0
cv_oof,b1c35,2.84696,2.89642,F2 ElasticNet,2.83941,2.96746,b1,7C(30%)-3.6C,False,False,-3.77261,1.07075,703.0
cv_oof,b1c36,2.84757,2.8448,F2 ElasticNet,2.7878,2.91584,b1,7C(40%)-3C,False,False,-3.6695,1.07783,704.0
cv_oof,b1c37,2.81158,2.85931,F2 ElasticNet,2.8023,2.93035,b1,7C(40%)-3C,False,False,-3.67394,1.07482,648.0
cv_oof,b1c38,2.79029,2.75376,F2 ElasticNet,2.69676,2.8248,b1,7C(40%)-3.6C,False,False,-3.43305,1.07295,617.0
cv_oof,b1c39,2.79588,2.78874,F2 ElasticNet,2.73173,2.85978,b1,7C(40%)-3.6C,False,False,-3.50453,1.08178,625.0
cv_oof,b1c40,2.98498,2.99917,F2 ElasticNet,2.94216,3.07021,b1,8C(15%)-3.6C,False,False,-4.05521,1.0833,966.0
cv_oof,b1c41,3.0216,3.00452,F2 ElasticNet,2.94752,3.07556,b1,8C(15%)-3.6C,False,False,-4.07151,1.07896,1051.0
cv_oof,b1c42,2.84634,2.84667,F2 ElasticNet,2.78967,2.91771,b1,8C(25%)-3.6C,False,False,-3.66586,1.07987,702.0
cv_oof,b1c43,2.81358,2.82585,F2 ElasticNet,2.76885,2.89689,b1,8C(25%)-3.6C,False,False,-3.66778,1.06824,651.0
cv_oof,b1c44,2.78958,2.77232,F2 ElasticNet,2.71532,2.84336,b1,8C(35%)-3.6C,False,False,-3.4207,1.08477,616.0
cv_oof,b1c45,2.77743,2.77072,F2 ElasticNet,2.71371,2.84176,b1,8C(35%)-3.6C,False,False,-3.42529,1.08396,599.0
valid,b1c5,3.031,3.04201,F2 ElasticNet,2.98501,3.11305,b1,4.4C(80%)-4.4C,False,False,-4.17888,1.07613,1074.0
valid,b1c6,2.80346,2.88215,F2 ElasticNet,2.82514,2.95319,b1,4.8C(80%)-4.8C,False,False,-3.76888,1.07584,636.0
valid,b1c7,2.93952,2.9299,F2 ElasticNet,2.87289,3.00094,b1,4.8C(80%)-4.8C,False,False,-3.81349,1.09386,870.0
valid,b1c14,2.94448,2.96804,F2 ElasticNet,2.91104,3.03908,b1,5.4C(60%)-3C,False,False,-4.04607,1.07097,880.0
valid,b1c15,2.85673,2.94381,F2 ElasticNet,2.88681,3.01485,b1,5.4C(60%)-3C,False,False,-4.01795,1.06112,719.0
valid,b1c20,2.72754,2.82029,F2 ElasticNet,2.76328,2.89133,b1,5.4C(80%)-5.4C,False,False,-3.36724,1.07263,534.0
valid,b1c21,2.74741,2.77039,F2 ElasticNet,2.71339,2.84143,b1,5.4C(80%)-5.4C,False,False,-3.35034,1.08244,559.0
valid,b1c28,2.9345,2.92243,F2 ElasticNet,2.86542,2.99347,b1,6C(50%)-3C,False,False,-3.84471,1.07775,860.0
valid,b1c29,2.96237,2.91259,F2 ElasticNet,2.85559,2.98363,b1,6C(50%)-3C,False,False,-3.83828,1.07945,917.0
b2,b2c0,2.67852,2.8002,F2 ElasticNet,2.7432,2.87124,b2,5.2C(58%)-4C,False,False,-3.48726,1.10201,477.0
b2,b2c1,2.69108,2.74655,F2 ElasticNet,2.68954,2.81759,b2,5.6C(26%)-4.5C,False,False,-3.29805,1.10578,491.0
b2,b2c2,2.62737,2.7792,F2 ElasticNet,2.7222,2.85024,b2,5.2C(50%)-4.25C,False,False,-3.46025,1.07539,424.0
b2,b2c3,2.6981,2.83139,F2 ElasticNet,2.77438,2.90243,b2,4.65C(44%)-5C,False,False,-3.49624,1.09596,499.0
b2,b2c4,2.64738,2.71536,F2 ElasticNet,2.65836,2.7864,b2,4.65C(69%)-6C,False,False,-3.23251,1.08997,444.0
b2,b2c5,2.61909,2.68792,F2 ElasticNet,2.63091,2.75896,b2,3.6C(30%)-6C,False,False,-3.08588,1.09891,416.0
b2,b2c6,2.59439,2.81569,F2 ElasticNet,2.75869,2.88673,b2,3.6C(9%)-5C,False,False,-3.53004,1.08856,393.0
b2,b2c7,2.89042,3.02863,F2 ElasticNet,2.97162,3.09967,b2,4.8C(80%)-4.8C-newstructure,True,False,-4.23167,1.09048,777.0
b2,b2c8,2.95617,3.01414,F2 ElasticNet,2.95713,3.08518,b2,5.2C(58%)-4C-newstructure,True,False,-4.10242,1.09063,904.0
b2,b2c9,2.89818,3.10179,F2 ElasticNet,3.04479,3.17283,b2,5.6C(26%)-4.5C-newstructure,True,False,-4.34443,1.09497,791.0
b2,b2c10,2.69197,2.78864,F2 ElasticNet,2.73164,2.85968,b2,4.8C(80%)-4.8C,False,False,-3.4509,1.10928,492.0
b2,b2c11,2.65225,2.79979,F2 ElasticNet,2.74278,2.87083,b2,5.2C(50%)-4.25C,False,False,-3.48539,1.09592,449.0
b2,b2c12,2.66839,2.69963,F2 ElasticNet,2.64262,2.77067,b2,4.65C(44%)-5C,False,False,-3.16797,1.10165,466.0
b2,b2c13,2.66276,2.76555,F2 ElasticNet,2.70854,2.83659,b2,4.65C(69%)-6C,False,False,-3.34445,1.09544,460.0
b2,b2c14,2.62941,2.6948,F2 ElasticNet,2.63779,2.76584,b2,3.6C(30%)-6C,False,False,-3.11852,1.08449,426.0
b2,b2c15,2.5977,2.79771,F2 ElasticNet,2.74071,2.86875,b2,3.6C(9%)-5C,False,False,-3.51625,1.06975,396.0
b2,b2c16,2.67394,2.79853,F2 ElasticNet,2.74153,2.86957,b2,4.8C(80%)-4.8C,False,False,-3.49488,1.09454,472.0
b2,b2c17,2.67302,2.80122,F2 ElasticNet,2.74422,2.87226,b2,5.6C(26%)-4.5C,False,False,-3.50034,1.09172,471.0
b2,b2c18,2.65225,2.85361,F2 ElasticNet,2.7966,2.92465,b2,5.2C(50%)-4.25C,False,False,-3.7073,1.07563,449.0
b2,b2c19,2.59329,2.73566,F2 ElasticNet,2.67865,2.8067,b2,6C(60%)-3C,False,False,-3.29196,1.09024,392.0
b2,b2c20,2.68931,2.80514,F2 ElasticNet,2.74813,2.87618,b2,5.2C(58%)-4C,False,False,-3.44131,1.09773,489.0
b2,b2c21,2.61066,2.74892,F2 ElasticNet,2.69191,2.81996,b2,6C(60%)-3C,False,False,-3.32668,1.09859,408.0
b2,b2c24,2.71096,2.84833,F2 ElasticNet,2.79133,2.91937,b2,4.8C(80%)-4.8C,False,False,-3.64089,1.0923,514.0
b2,b2c25,2.69285,2.80661,F2 ElasticNet,2.7496,2.87765,b2,5.2C(58%)-4C,False,False,-3.53448,1.09884,493.0
b2,b2c26,2.65321,2.72054,F2 ElasticNet,2.66354,2.79158,b2,5.6C(26%)-4.5C,False,False,-3.22205,1.10435,450.0
b2,b2c27,2.67578,2.79127,F2 ElasticNet,2.73426,2.86231,b2,5.2C(50%)-4.25C,False,False,-3.4862,1.09257,474.0
b2,b2c28,2.64048,2.7686,F2 ElasticNet,2.71159,2.83964,b2,4.8C(80%)-4.8C,False,False,-3.42341,1.09045,437.0
b2,b2c29,2.65514,2.79924,F2 ElasticNet,2.74223,2.87028,b2,5.2C(58%)-4C,False,False,-3.50825,1.10321,452.0
b2,b2c30,2.6149,2.70801,F2 ElasticNet,2.65101,2.77905,b2,5.6C(26%)-4.5C,False,False,-3.18541,1.09464,412.0
b2,b2c31,2.62839,2.76294,F2 ElasticNet,2.70593,2.83398,b2,5.6C(26%)-4.5C,False,False,-3.35236,1.09901,425.0
b2,b2c32,2.90795,3.02196,F2 ElasticNet,2.96495,3.093,b2,4.8C(80%)-4.8C-newstructure,True,False,-4.13147,1.08816,809.0
b2,b2c33,3.0569,3.05329,F2 ElasticNet,2.99628,3.12433,b2,5.2C(58%)-4C-newstructure,True,False,-4.23163,1.07327,1140.0
b2,b2c34,3.07408,3.12729,F2 ElasticNet,3.07028,3.19833,b2,5.6C(26%)-4.5C-newstructure,True,False,-4.44859,1.06717,1186.0
b2,b2c41,2.64542,2.70768,F2 ElasticNet,2.65067,2.77872,b2,5.6C(26%)-4.5C,False,False,-3.17237,1.10492,442.0
b2,b2c42,2.67578,2.80399,F2 ElasticNet,2.74698,2.87503,b2,5.2C(50%)-4.25C,False,False,-3.48259,1.10244,474.0
b2,b2c43,3.01242,3.07773,F2 ElasticNet,3.02072,3.14877,b2,4.8C(80%)-4.8C-newstructure,True,False,-4.27178,1.09743,1029.0
b2,b2c44,2.9248,3.08654,F2 ElasticNet,3.02953,3.15758,b2,5.2C(58%)-4C-newstructure,True,False,-4.36452,1.09659,841.0
b2,b2c45,2.9987,3.03839,F2 ElasticNet,2.98139,3.10943,b2,5.6C(26%)-4.5C-newstructure,True,False,-4.17521,1.10304,997.0
b2,b2c46,2.70157,2.80988,F2 ElasticNet,2.75287,2.88092,b2,4.8C(80%)-4.8C,False,False,-3.50888,1.10094,503.0
b3,b3c0,3.00389,3.04435,F2 ElasticNet,2.98734,3.11539,b3,5C(67%)-4C-newstructure,True,False,-4.24511,1.06746,1009.0
b3,b3c1,3.02653,3.06045,F2 ElasticNet,3.00345,3.13149,b3,5.3C(54%)-4C-newstructure,True,False,-4.28554,1.06506,1063.0
b3,b3c3,3.04727,3.01414,F2 ElasticNet,2.95714,3.08518,b3,5.6C(36%)-4.3C-newstructure,True,False,-4.11661,1.06289,1115.0
b3,b3c4,3.02036,3.02777,F2 ElasticNet,2.97077,3.09881,b3,5.6C(19%)-4.6C-newstructure,True,False,-4.17847,1.07248,1048.0
b3,b3c5,2.91803,2.99486,F2 ElasticNet,2.93785,3.0659,b3,5.6C(36%)-4.3C-newstructure,True,False,-4.11442,1.05145,828.0
b3,b3c6,2.82413,2.83745,F2 ElasticNet,2.78044,2.90849,b3,3.7C(31%)-5.9C-newstructure,True,False,-3.52571,1.06261,667.0
b3,b3c7,3.26387,3.11912,F2 ElasticNet,3.06211,3.19016,b3,4.8C(80%)-4.8C-newstructure,True,False,-4.48874,1.06752,1836.0
b3,b3c8,2.91803,2.98815,F2 ElasticNet,2.93114,3.05919,b3,5C(67%)-4C-newstructure,True,False,-4.0918,1.06474,828.0
b3,b3c9,3.01662,2.94837,F2 ElasticNet,2.89137,3.01941,b3,5.3C(54%)-4C-newstructure,True,False,-3.9823,1.06948,1039.0
b3,b3c10,3.03262,3.09535,F2 ElasticNet,3.03835,3.16639,b3,4.8C(80%)-4.8C-newstructure,True,False,-4.41136,1.06177,1078.0
b3,b3c11,2.91222,2.92391,F2 ElasticNet,2.86691,2.99495,b3,5.6C(19%)-4.6C-newstructure,True,False,-3.88492,1.06807,817.0
b3,b3c12,2.96942,2.94209,F2 ElasticNet,2.88508,3.01313,b3,5.6C(36%)-4.3C-newstructure,True,False,-3.94679,1.07417,932.0
b3,b3c13,2.91169,2.99497,F2 ElasticNet,2.93796,3.06601,b3,5.6C(19%)-4.6C-newstructure,True,False,-4.09447,1.06556,816.0
b3,b3c14,2.93349,2.95598,F2 ElasticNet,2.89898,3.02702,b3,5.6C(36%)-4.3C-newstructure,True,False,-3.99967,1.07271,858.0
b3,b3c15,2.9425,2.95902,F2 ElasticNet,2.90201,3.03006,b3,5.9C(15%)-4.6C-newstructure,True,False,-4.00068,1.06842,876.0
b3,b3c16,3.21431,3.20478,F2 ElasticNet,3.14777,3.27582,b3,4.8C(80%)-4.8C-newstructure,True,False,-4.69451,1.06101,1638.0
b3,b3c17,3.11893,3.12884,F2 ElasticNet,3.07184,3.19988,b3,5.3C(54%)-4C-newstructure,True,False,-4.43971,1.06645,1315.0
b3,b3c18,3.05918,3.05506,F2 ElasticNet,2.99806,3.1261,b3,5.6C(19%)-4.6C-newstructure,True,False,-4.25405,1.06802,1146.0
b3,b3c19,3.06258,3.02546,F2 ElasticNet,2.96845,3.0965,b3,5.6C(36%)-4.3C-newstructure,True,False,-4.17194,1.07192,1155.0
b3,b3c20,2.91009,2.98718,F2 ElasticNet,2.93018,3.05822,b3,5C(67%)-4C-newstructure,True,False,-4.06634,1.06505,813.0
b3,b3c21,2.88762,2.89506,F2 ElasticNet,2.83805,2.9661,b3,3.7C(31%)-5.9C-newstructure,True,False,-3.70433,1.06786,772.0
b3,b3c22,3.00087,2.97472,F2 ElasticNet,2.91772,3.04576,b3,5.9C(60%)-3.1C-newstructure,True,False,-4.04682,1.05626,1002.0
b3,b3c24,2.91645,3.00946,F2 ElasticNet,2.95245,3.0805,b3,5C(67%)-4C-newstructure,True,False,-4.15525,1.04627,825.0
b3,b3c25,2.9952,3.02007,F2 ElasticNet,2.96307,3.09111,b3,5.3C(54%)-4C-newstructure,True,False,-4.14656,1.06113,989.0
b3,b3c26,3.01199,3.04394,F2 ElasticNet,2.98694,3.11498,b3,5.6C(19%)-4.6C-newstructure,True,False,-4.21951,1.07202,1028.0
b3,b3c27,2.92942,3.01211,F2 ElasticNet,2.95511,3.08315,b3,5.6C(36%)-4.3C-newstructure,True,False,-4.13013,1.06042,850.0
b3,b3c28,2.7332,2.80702,F2 ElasticNet,2.75001,2.87806,b3,3.7C(31%)-5.9C-newstructure,True,False,-3.45166,1.05187,541.0
b3,b3c29,2.93349,2.98653,F2 ElasticNet,2.92952,3.05757,b3,5.9C(15%)-4.6C-newstructure,True,False,-4.06358,1.06637,858.0
b3,b3c30,2.97081,3.00111,F2 ElasticNet,2.9441,3.07215,b3,5.3C(54%)-4C-newstructure,True,False,-4.10023,1.06874,935.0
b3,b3c31,2.86392,2.90766,F2 ElasticNet,2.85065,2.9787,b3,5.9C(60%)-3.1C-newstructure,True,False,-3.8396,1.06818,731.0
b3,b3c33,3.10857,3.10298,F2 ElasticNet,3.04598,3.17402,b3,5C(67%)-4C-newstructure,True,False,-4.3959,1.06027,1284.0
b3,b3c34,3.06371,3.06458,F2 ElasticNet,3.00757,3.13562,b3,5.3C(54%)-4C-newstructure,True,False,-4.30566,1.06153,1158.0
b3,b3c35,3.03862,3.04246,F2 ElasticNet,2.98545,3.1135,b3,5.6C(19%)-4.6C-newstructure,True,False,-4.23486,1.06338,1093.0
b3,b3c36,2.9652,3.0522,F2 ElasticNet,2.99519,3.12324,b3,5.6C(36%)-4.3C-newstructure,True,False,-4.25346,1.05753,923.0
b3,b3c38,3.28668,3.07457,F2 ElasticNet,3.01756,3.14561,b3,5C(67%)-4C-newstructure,True,False,-4.34205,1.07015,1935.0
b3,b3c39,3.06296,3.12189,F2 ElasticNet,3.06489,3.19293,b3,5.3C(54%)-4C-newstructure,True,False,-4.45464,1.0474,1156.0
b3,b3c40,2.90091,3.06246,F2 ElasticNet,3.00545,3.1335,b3,5.6C(19%)-4.6C-newstructure,True,False,-4.29511,1.05932,796.0
b3,b3c41,2.89542,3.04377,F2 ElasticNet,2.98676,3.11481,b3,5.6C(36%)-4.3C-newstructure,True,False,-4.21951,1.05052,786.0
b3,b3c44,2.97313,3.0037,F2 ElasticNet,2.9467,3.07474,b3,5.3C(54%)-4C-newstructure,True,False,-4.1315,1.06972,940.0
b3,b3c45,3.25551,3.13094,F2 ElasticNet,3.07393,3.20198,b3,4.8C(80%)-4.8C-newstructure,True,False,-4.52085,1.06955,1801.0
cv_oof,b1c0,3.26764,3.41377,F2 Ridge,3.35465,3.46335,b1,3.6C(80%)-3.6C,False,True,-5.01486,1.07069,1852.0
cv_oof,b1c1,3.33445,3.19779,F2 Ridge,3.13866,3.24736,b1,3.6C(80%)-3.6C,False,True,-5.01396,1.0753,2160.0
cv_oof,b1c2,3.34967,3.23274,F2 Ridge,3.17361,3.28231,b1,3.6C(80%)-3.6C,False,True,-4.737,1.07992,2237.0
cv_oof,b1c3,3.15655,3.10689,F2 Ridge,3.04777,3.15647,b1,4C(80%)-4C,False,True,-4.44261,1.07972,1434.0
cv_oof,b1c4,3.23274,3.13483,F2 Ridge,3.07571,3.18441,b1,4C(80%)-4C,False,True,-4.64774,1.07842,1709.0
cv_oof,b1c9,3.02284,2.98277,F2 Ridge,2.92364,3.03235,b1,5.4C(40%)-3.6C,False,False,-4.05938,1.08297,1054.0
cv_oof,b1c11,2.89653,3.11902,F2 Ridge,3.0599,3.1686,b1,5.4C(50%)-3C,False,False,-4.1469,1.05378,788.0
cv_oof,b1c16,2.93551,3.03072,F2 Ridge,2.9716,3.0803,b1,5.4C(60%)-3.6C,False,False,-4.09941,1.08117,862.0
cv_oof,b1c17,2.93298,2.94997,F2 Ridge,2.89085,2.99955,b1,5.4C(60%)-3.6C,False,False,-3.97016,1.07205,857.0
cv_oof,b1c18,2.83948,2.85504,F2 Ridge,2.79592,2.90462,b1,5.4C(70%)-3C,False,False,-3.65008,1.06617,691.0
cv_oof,b1c19,2.89653,2.85367,F2 Ridge,2.79454,2.90325,b1,5.4C(70%)-3C,False,False,-3.61991,1.08511,788.0
cv_oof,b1c23,3.00604,2.95914,F2 Ridge,2.90002,3.00872,b1,6C(30%)-3.6C,False,False,-4.04079,1.07929,1014.0
cv_oof,b1c24,3.00732,2.98576,F2 Ridge,2.92663,3.03533,b1,6C(40%)-3C,False,False,-3.93866,1.07454,1017.0
cv_oof,b1c25,2.93146,2.98896,F2 Ridge,2.92984,3.03854,b1,6C(40%)-3C,False,False,-4.02789,1.07523,854.0
cv_oof,b1c26,2.93952,2.89769,F2 Ridge,2.83857,2.94727,b1,6C(40%)-3.6C,False,False,-3.79522,1.08765,870.0
cv_oof,b1c27,2.92531,2.91314,F2 Ridge,2.85402,2.96272,b1,6C(40%)-3.6C,False,False,-3.8537,1.07905,842.0
cv_oof,b1c30,2.85065,2.89491,F2 Ridge,2.83579,2.94449,b1,6C(50%)-3.6C,False,False,-3.7447,1.07986,709.0
cv_oof,b1c31,2.9425,2.89366,F2 Ridge,2.83454,2.94324,b1,6C(50%)-3.6C,False,False,-3.77773,1.09464,876.0
cv_oof,b1c32,2.86392,2.84566,F2 Ridge,2.78653,2.89523,b1,6C(60%)-3C,False,False,-3.64646,1.07784,731.0
cv_oof,b1c33,2.8791,2.88532,F2 Ridge,2.82619,2.9349,b1,6C(60%)-3C,False,False,-3.66706,1.09249,757.0
cv_oof,b1c34,2.8704,2.92971,F2 Ridge,2.87058,2.97929,b1,7C(30%)-3.6C,False,False,-3.84862,1.07662,742.0
cv_oof,b1c35,2.84696,2.89351,F2 Ridge,2.83438,2.94308,b1,7C(30%)-3.6C,False,False,-3.77261,1.07075,703.0
cv_oof,b1c36,2.84757,2.84785,F2 Ridge,2.78873,2.89743,b1,7C(40%)-3C,False,False,-3.6695,1.07783,704.0
cv_oof,b1c37,2.81158,2.86808,F2 Ridge,2.80896,2.91766,b1,7C(40%)-3C,False,False,-3.67394,1.07482,648.0
cv_oof,b1c38,2.79029,2.75403,F2 Ridge,2.6949,2.80361,b1,7C(40%)-3.6C,False,False,-3.43305,1.07295,617.0
cv_oof,b1c39,2.79588,2.78915,F2 Ridge,2.73003,2.83873,b1,7C(40%)-3.6C,False,False,-3.50453,1.08178,625.0
cv_oof,b1c40,2.98498,2.99904,F2 Ridge,2.93992,3.04862,b1,8C(15%)-3.6C,False,False,-4.05521,1.0833,966.0
cv_oof,b1c41,3.0216,3.00426,F2 Ridge,2.94514,3.05384,b1,8C(15%)-3.6C,False,False,-4.07151,1.07896,1051.0
cv_oof,b1c42,2.84634,2.85791,F2 Ridge,2.79878,2.90748,b1,8C(25%)-3.6C,False,False,-3.66586,1.07987,702.0
cv_oof,b1c43,2.81358,2.86178,F2 Ridge,2.80265,2.91136,b1,8C(25%)-3.6C,False,False,-3.66778,1.06824,651.0
cv_oof,b1c44,2.78958,2.77325,F2 Ridge,2.71413,2.82283,b1,8C(35%)-3.6C,False,False,-3.4207,1.08477,616.0
cv_oof,b1c45,2.77743,2.77073,F2 Ridge,2.71161,2.82031,b1,8C(35%)-3.6C,False,False,-3.42529,1.08396,599.0
valid,b1c5,3.031,3.03901,F2 Ridge,2.97988,3.08859,b1,4.4C(80%)-4.4C,False,False,-4.17888,1.07613,1074.0
valid,b1c6,2.80346,2.8836,F2 Ridge,2.82448,2.93318,b1,4.8C(80%)-4.8C,False,False,-3.76888,1.07584,636.0
valid,b1c7,2.93952,2.92685,F2 Ridge,2.86772,2.97642,b1,4.8C(80%)-4.8C,False,False,-3.81349,1.09386,870.0
valid,b1c14,2.94448,2.9687,F2 Ridge,2.90957,3.01828,b1,5.4C(60%)-3C,False,False,-4.04607,1.07097,880.0
valid,b1c15,2.85673,2.94948,F2 Ridge,2.89035,2.99906,b1,5.4C(60%)-3C,False,False,-4.01795,1.06112,719.0
valid,b1c20,2.72754,2.80996,F2 Ridge,2.75083,2.85954,b1,5.4C(80%)-5.4C,False,False,-3.36724,1.07263,534.0
valid,b1c21,2.74741,2.77024,F2 Ridge,2.71112,2.81982,b1,5.4C(80%)-5.4C,False,False,-3.35034,1.08244,559.0
valid,b1c28,2.9345,2.92115,F2 Ridge,2.86203,2.97073,b1,6C(50%)-3C,False,False,-3.84471,1.07775,860.0
valid,b1c29,2.96237,2.91207,F2 Ridge,2.85294,2.96165,b1,6C(50%)-3C,False,False,-3.83828,1.07945,917.0
b2,b2c0,2.67852,2.8033,F2 Ridge,2.74418,2.85288,b2,5.2C(58%)-4C,False,False,-3.48726,1.10201,477.0
b2,b2c1,2.69108,2.75149,F2 Ridge,2.69237,2.80107,b2,5.6C(26%)-4.5C,False,False,-3.29805,1.10578,491.0
b2,b2c2,2.62737,2.74688,F2 Ridge,2.68775,2.79646,b2,5.2C(50%)-4.25C,False,False,-3.46025,1.07539,424.0
b2,b2c3,2.6981,2.77986,F2 Ridge,2.72074,2.82944,b2,4.65C(44%)-5C,False,False,-3.49624,1.09596,499.0
b2,b2c4,2.64738,2.71112,F2 Ridge,2.652,2.7607,b2,4.65C(69%)-6C,False,False,-3.23251,1.08997,444.0
b2,b2c5,2.61909,2.68904,F2 Ridge,2.62991,2.73861,b2,3.6C(30%)-6C,False,False,-3.08588,1.09891,416.0
b2,b2c6,2.59439,2.76821,F2 Ridge,2.70908,2.81778,b2,3.6C(9%)-5C,False,False,-3.53004,1.08856,393.0
b2,b2c7,2.89042,3.01217,F2 Ridge,2.95305,3.06175,b2,4.8C(80%)-4.8C-newstructure,True,False,-4.23167,1.09048,777.0
b2,b2c8,2.95617,3.02616,F2 Ridge,2.96703,3.07573,b2,5.2C(58%)-4C-newstructure,True,False,-4.10242,1.09063,904.0
b2,b2c9,2.89818,3.13524,F2 Ridge,3.07611,3.18482,b2,5.6C(26%)-4.5C-newstructure,True,False,-4.34443,1.09497,791.0
b2,b2c10,2.69197,2.79621,F2 Ridge,2.73709,2.84579,b2,4.8C(80%)-4.8C,False,False,-3.4509,1.10928,492.0
b2,b2c11,2.65225,2.76989,F2 Ridge,2.71076,2.81946,b2,5.2C(50%)-4.25C,False,False,-3.48539,1.09592,449.0
b2,b2c12,2.66839,2.68568,F2 Ridge,2.62655,2.73525,b2,4.65C(44%)-5C,False,False,-3.16797,1.10165,466.0
b2,b2c13,2.66276,2.77707,F2 Ridge,2.71794,2.82665,b2,4.65C(69%)-6C,False,False,-3.34445,1.09544,460.0
b2,b2c14,2.62941,2.69456,F2 Ridge,2.63544,2.74414,b2,3.6C(30%)-6C,False,False,-3.11852,1.08449,426.0
b2,b2c15,2.5977,2.78042,F2 Ridge,2.72129,2.82999,b2,3.6C(9%)-5C,False,False,-3.51625,1.06975,396.0
b2,b2c16,2.67394,2.79955,F2 Ridge,2.74043,2.84913,b2,4.8C(80%)-4.8C,False,False,-3.49488,1.09454,472.0
b2,b2c17,2.67302,2.78089,F2 Ridge,2.72177,2.83047,b2,5.6C(26%)-4.5C,False,False,-3.50034,1.09172,471.0
b2,b2c18,2.65225,2.80088,F2 Ridge,2.74176,2.85046,b2,5.2C(50%)-4.25C,False,False,-3.7073,1.07563,449.0
b2,b2c19,2.59329,2.72782,F2 Ridge,2.6687,2.7774,b2,6C(60%)-3C,False,False,-3.29196,1.09024,392.0
b2,b2c20,2.68931,2.77405,F2 Ridge,2.71493,2.82363,b2,5.2C(58%)-4C,False,False,-3.44131,1.09773,489.0
b2,b2c21,2.61066,2.74426,F2 Ridge,2.68514,2.79384,b2,6C(60%)-3C,False,False,-3.32668,1.09859,408.0
b2,b2c24,2.71096,2.86209,F2 Ridge,2.80296,2.91167,b2,4.8C(80%)-4.8C,False,False,-3.64089,1.0923,514.0
b2,b2c25,2.69285,2.79346,F2 Ridge,2.73434,2.84304,b2,5.2C(58%)-4C,False,False,-3.53448,1.09884,493.0
b2,b2c26,2.65321,2.71434,F2 Ridge,2.65522,2.76392,b2,5.6C(26%)-4.5C,False,False,-3.22205,1.10435,450.0
b2,b2c27,2.67578,2.76361,F2 Ridge,2.70448,2.81319,b2,5.2C(50%)-4.25C,False,False,-3.4862,1.09257,474.0
b2,b2c28,2.64048,2.75881,F2 Ridge,2.69969,2.80839,b2,4.8C(80%)-4.8C,False,False,-3.42341,1.09045,437.0
b2,b2c29,2.65514,2.80329,F2 Ridge,2.74416,2.85287,b2,5.2C(58%)-4C,False,False,-3.50825,1.10321,452.0
b2,b2c30,2.6149,2.6986,F2 Ridge,2.63948,2.74818,b2,5.6C(26%)-4.5C,False,False,-3.18541,1.09464,412.0
b2,b2c31,2.62839,2.76082,F2 Ridge,2.7017,2.8104,b2,5.6C(26%)-4.5C,False,False,-3.35236,1.09901,425.0
b2,b2c32,2.90795,3.08897,F2 Ridge,3.02984,3.13854,b2,4.8C(80%)-4.8C-newstructure,True,False,-4.13147,1.08816,809.0
b2,b2c33,3.0569,3.11876,F2 Ridge,3.05963,3.16834,b2,5.2C(58%)-4C-newstructure,True,False,-4.23163,1.07327,1140.0
b2,b2c34,3.07408,3.19195,F2 Ridge,3.13283,3.24153,b2,5.6C(26%)-4.5C-newstructure,True,False,-4.44859,1.06717,1186.0
b2,b2c41,2.64542,2.69545,F2 Ridge,2.63632,2.74502,b2,5.6C(26%)-4.5C,False,False,-3.17237,1.10492,442.0
b2,b2c42,2.67578,2.82338,F2 Ridge,2.76425,2.87296,b2,5.2C(50%)-4.25C,False,False,-3.48259,1.10244,474.0
b2,b2c43,3.01242,3.09002,F2 Ridge,3.0309,3.1396,b2,4.8C(80%)-4.8C-newstructure,True,False,-4.27178,1.09743,1029.0
b2,b2c44,2.9248,3.12576,F2 Ridge,3.06664,3.17534,b2,5.2C(58%)-4C-newstructure,True,False,-4.36452,1.09659,841.0
b2,b2c45,2.9987,3.07419,F2 Ridge,3.01507,3.12377,b2,5.6C(26%)-4.5C-newstructure,True,False,-4.17521,1.10304,997.0
b2,b2c46,2.70157,2.78402,F2 Ridge,2.7249,2.8336,b2,4.8C(80%)-4.8C,False,False,-3.50888,1.10094,503.0
b3,b3c0,3.00389,3.07346,F2 Ridge,3.01434,3.12304,b3,5C(67%)-4C-newstructure,True,False,-4.24511,1.06746,1009.0
b3,b3c1,3.02653,3.0918,F2 Ridge,3.03268,3.14138,b3,5.3C(54%)-4C-newstructure,True,False,-4.28554,1.06506,1063.0
b3,b3c3,3.04727,3.01701,F2 Ridge,2.95788,3.06658,b3,5.6C(36%)-4.3C-newstructure,True,False,-4.11661,1.06289,1115.0
b3,b3c4,3.02036,3.03358,F2 Ridge,2.97446,3.08316,b3,5.6C(19%)-4.6C-newstructure,True,False,-4.17847,1.07248,1048.0
b3,b3c5,2.91803,3.00783,F2 Ridge,2.94871,3.05741,b3,5.6C(36%)-4.3C-newstructure,True,False,-4.11442,1.05145,828.0
b3,b3c6,2.82413,2.87956,F2 Ridge,2.82044,2.92914,b3,3.7C(31%)-5.9C-newstructure,True,False,-3.52571,1.06261,667.0
b3,b3c7,3.26387,3.14226,F2 Ridge,3.08314,3.19184,b3,4.8C(80%)-4.8C-newstructure,True,False,-4.48874,1.06752,1836.0
b3,b3c8,2.91803,2.99628,F2 Ridge,2.93715,3.04586,b3,5C(67%)-4C-newstructure,True,False,-4.0918,1.06474,828.0
b3,b3c9,3.01662,2.9758,F2 Ridge,2.91668,3.02538,b3,5.3C(54%)-4C-newstructure,True,False,-3.9823,1.06948,1039.0
b3,b3c10,3.03262,3.13319,F2 Ridge,3.07407,3.18277,b3,4.8C(80%)-4.8C-newstructure,True,False,-4.41136,1.06177,1078.0
b3,b3c11,2.91222,2.93211,F2 Ridge,2.87299,2.98169,b3,5.6C(19%)-4.6C-newstructure,True,False,-3.88492,1.06807,817.0
b3,b3c12,2.96942,2.98794,F2 Ridge,2.92882,3.03752,b3,5.6C(36%)-4.3C-newstructure,True,False,-3.94679,1.07417,932.0
b3,b3c13,2.91169,3.00477,F2 Ridge,2.94565,3.05435,b3,5.6C(19%)-4.6C-newstructure,True,False,-4.09447,1.06556,816.0
b3,b3c14,2.93349,2.95868,F2 Ridge,2.89955,3.00825,b3,5.6C(36%)-4.3C-newstructure,True,False,-3.99967,1.07271,858.0
b3,b3c15,2.9425,2.96834,F2 Ridge,2.90922,3.01792,b3,5.9C(15%)-4.6C-newstructure,True,False,-4.00068,1.06842,876.0
b3,b3c16,3.21431,3.26875,F2 Ridge,3.20963,3.31833,b3,4.8C(80%)-4.8C-newstructure,True,False,-4.69451,1.06101,1638.0
b3,b3c17,3.11893,3.19333,F2 Ridge,3.1342,3.2429,b3,5.3C(54%)-4C-newstructure,True,False,-4.43971,1.06645,1315.0
b3,b3c18,3.05918,3.09799,F2 Ridge,3.03886,3.14756,b3,5.6C(19%)-4.6C-newstructure,True,False,-4.25405,1.06802,1146.0
b3,b3c19,3.06258,3.06962,F2 Ridge,3.01049,3.1192,b3,5.6C(36%)-4.3C-newstructure,True,False,-4.17194,1.07192,1155.0
b3,b3c20,2.91009,2.99094,F2 Ridge,2.93181,3.04052,b3,5C(67%)-4C-newstructure,True,False,-4.06634,1.06505,813.0
b3,b3c21,2.88762,2.95376,F2 Ridge,2.89464,3.00334,b3,3.7C(31%)-5.9C-newstructure,True,False,-3.70433,1.06786,772.0
b3,b3c22,3.00087,3.01488,F2 Ridge,2.95576,3.06446,b3,5.9C(60%)-3.1C-newstructure,True,False,-4.04682,1.05626,1002.0
b3,b3c24,2.91645,3.00642,F2 Ridge,2.94729,3.05599,b3,5C(67%)-4C-newstructure,True,False,-4.15525,1.04627,825.0
b3,b3c25,2.9952,3.03424,F2 Ridge,2.97511,3.08382,b3,5.3C(54%)-4C-newstructure,True,False,-4.14656,1.06113,989.0
b3,b3c26,3.01199,3.06778,F2 Ridge,3.00866,3.11736,b3,5.6C(19%)-4.6C-newstructure,True,False,-4.21951,1.07202,1028.0
b3,b3c27,2.92942,3.01494,F2 Ridge,2.95582,3.06452,b3,5.6C(36%)-4.3C-newstructure,True,False,-4.13013,1.06042,850.0
b3,b3c28,2.7332,2.83472,F2 Ridge,2.77559,2.88429,b3,3.7C(31%)-5.9C-newstructure,True,False,-3.45166,1.05187,541.0
b3,b3c29,2.93349,2.97427,F2 Ridge,2.91515,3.02385,b3,5.9C(15%)-4.6C-newstructure,True,False,-4.06358,1.06637,858.0
b3,b3c30,2.97081,3.00354,F2 Ridge,2.94442,3.05312,b3,5.3C(54%)-4C-newstructure,True,False,-4.10023,1.06874,935.0
b3,b3c31,2.86392,2.91117,F2 Ridge,2.85205,2.96075,b3,5.9C(60%)-3.1C-newstructure,True,False,-3.8396,1.06818,731.0
b3,b3c33,3.10857,3.12759,F2 Ridge,3.06847,3.17717,b3,5C(67%)-4C-newstructure,True,False,-4.3959,1.06027,1284.0
b3,b3c34,3.06371,3.10376,F2 Ridge,3.04464,3.15334,b3,5.3C(54%)-4C-newstructure,True,False,-4.30566,1.06153,1158.0
b3,b3c35,3.03862,3.06175,F2 Ridge,3.00263,3.11133,b3,5.6C(19%)-4.6C-newstructure,True,False,-4.23486,1.06338,1093.0
b3,b3c36,2.9652,3.08329,F2 Ridge,3.02417,3.13287,b3,5.6C(36%)-4.3C-newstructure,True,False,-4.25346,1.05753,923.0
b3,b3c38,3.28668,3.11468,F2 Ridge,3.05555,3.16426,b3,5C(67%)-4C-newstructure,True,False,-4.34205,1.07015,1935.0
b3,b3c39,3.06296,3.12869,F2 Ridge,3.06956,3.17826,b3,5.3C(54%)-4C-newstructure,True,False,-4.45464,1.0474,1156.0
b3,b3c40,2.90091,3.08167,F2 Ridge,3.02255,3.13125,b3,5.6C(19%)-4.6C-newstructure,True,False,-4.29511,1.05932,796.0
b3,b3c41,2.89542,3.05773,F2 Ridge,2.9986,3.10731,b3,5.6C(36%)-4.3C-newstructure,True,False,-4.21951,1.05052,786.0
b3,b3c44,2.97313,3.0144,F2 Ridge,2.95528,3.06398,b3,5.3C(54%)-4C-newstructure,True,False,-4.1315,1.06972,940.0
b3,b3c45,3.25551,3.16998,F2 Ridge,3.11085,3.21956,b3,4.8C(80%)-4.8C-newstructure,True,False,-4.52085,1.06955,1801.0
cv_oof,b1c0,3.26764,3.36275,F3 ElasticNet,3.31518,3.42412,b1,3.6C(80%)-3.6C,False,True,-5.01486,1.07069,1852.0
cv_oof,b1c1,3.33445,3.24837,F3 ElasticNet,3.20081,3.30975,b1,3.6C(80%)-3.6C,False,True,-5.01396,1.0753,2160.0
cv_oof,b1c2,3.34967,3.11745,F3 ElasticNet,3.06989,3.17883,b1,3.6C(80%)-3.6C,False,True,-4.737,1.07992,2237.0
cv_oof,b1c3,3.15655,3.12144,F3 ElasticNet,3.07388,3.18282,b1,4C(80%)-4C,False,True,-4.44261,1.07972,1434.0
cv_oof,b1c4,3.23274,3.16722,F3 ElasticNet,3.11966,3.22859,b1,4C(80%)-4C,False,True,-4.64774,1.07842,1709.0
cv_oof,b1c9,3.02284,3.00592,F3 ElasticNet,2.95836,3.0673,b1,5.4C(40%)-3.6C,False,False,-4.05938,1.08297,1054.0
cv_oof,b1c11,2.89653,2.97511,F3 ElasticNet,2.92754,3.03648,b1,5.4C(50%)-3C,False,False,-4.1469,1.05378,788.0
cv_oof,b1c16,2.93551,3.02026,F3 ElasticNet,2.9727,3.08164,b1,5.4C(60%)-3.6C,False,False,-4.09941,1.08117,862.0
cv_oof,b1c17,2.93298,2.93832,F3 ElasticNet,2.89076,2.9997,b1,5.4C(60%)-3.6C,False,False,-3.97016,1.07205,857.0
cv_oof,b1c18,2.83948,2.81266,F3 ElasticNet,2.7651,2.87403,b1,5.4C(70%)-3C,False,False,-3.65008,1.06617,691.0
cv_oof,b1c19,2.89653,2.86136,F3 ElasticNet,2.8138,2.92274,b1,5.4C(70%)-3C,False,False,-3.61991,1.08511,788.0
cv_oof,b1c23,3.00604,2.97562,F3 ElasticNet,2.92806,3.037,b1,6C(30%)-3.6C,False,False,-4.04079,1.07929,1014.0
cv_oof,b1c24,3.00732,2.94887,F3 ElasticNet,2.90131,3.01025,b1,6C(40%)-3C,False,False,-3.93866,1.07454,1017.0
cv_oof,b1c25,2.93146,2.97772,F3 ElasticNet,2.93016,3.0391,b1,6C(40%)-3C,False,False,-4.02789,1.07523,854.0
cv_oof,b1c26,2.93952,2.95823,F3 ElasticNet,2.91067,3.01961,b1,6C(40%)-3.6C,False,False,-3.79522,1.08765,870.0
cv_oof,b1c27,2.92531,2.90713,F3 ElasticNet,2.85957,2.96851,b1,6C(40%)-3.6C,False,False,-3.8537,1.07905,842.0
cv_oof,b1c30,2.85065,2.89352,F3 ElasticNet,2.84596,2.95489,b1,6C(50%)-3.6C,False,False,-3.7447,1.07986,709.0
cv_oof,b1c31,2.9425,2.93564,F3 ElasticNet,2.88807,2.99701,b1,6C(50%)-3.6C,False,False,-3.77773,1.09464,876.0
cv_oof,b1c32,2.86392,2.84678,F3 ElasticNet,2.79922,2.90815,b1,6C(60%)-3C,False,False,-3.64646,1.07784,731.0
cv_oof,b1c33,2.8791,2.90749,F3 ElasticNet,2.85993,2.96887,b1,6C(60%)-3C,False,False,-3.66706,1.09249,757.0
cv_oof,b1c34,2.8704,2.91811,F3 ElasticNet,2.87055,2.97949,b1,7C(30%)-3.6C,False,False,-3.84862,1.07662,742.0
cv_oof,b1c35,2.84696,2.86805,F3 ElasticNet,2.82049,2.92942,b1,7C(30%)-3.6C,False,False,-3.77261,1.07075,703.0
cv_oof,b1c36,2.84757,2.85218,F3 ElasticNet,2.80462,2.91356,b1,7C(40%)-3C,False,False,-3.6695,1.07783,704.0
cv_oof,b1c37,2.81158,2.85496,F3 ElasticNet,2.80739,2.91633,b1,7C(40%)-3C,False,False,-3.67394,1.07482,648.0
cv_oof,b1c38,2.79029,2.72858,F3 ElasticNet,2.68102,2.78996,b1,7C(40%)-3.6C,False,False,-3.43305,1.07295,617.0
cv_oof,b1c39,2.79588,2.80385,F3 ElasticNet,2.75629,2.86523,b1,7C(40%)-3.6C,False,False,-3.50453,1.08178,625.0
cv_oof,b1c40,2.98498,3.00737,F3 ElasticNet,2.95981,3.06875,b1,8C(15%)-3.6C,False,False,-4.05521,1.0833,966.0
cv_oof,b1c41,3.0216,2.99691,F3 ElasticNet,2.94935,3.05829,b1,8C(15%)-3.6C,False,False,-4.07151,1.07896,1051.0
cv_oof,b1c42,2.84634,2.85843,F3 ElasticNet,2.81087,2.91981,b1,8C(25%)-3.6C,False,False,-3.66586,1.07987,702.0
cv_oof,b1c43,2.81358,2.82241,F3 ElasticNet,2.77485,2.88379,b1,8C(25%)-3.6C,False,False,-3.66778,1.06824,651.0
cv_oof,b1c44,2.78958,2.78538,F3 ElasticNet,2.73782,2.84676,b1,8C(35%)-3.6C,False,False,-3.4207,1.08477,616.0
cv_oof,b1c45,2.77743,2.78231,F3 ElasticNet,2.73475,2.84369,b1,8C(35%)-3.6C,False,False,-3.42529,1.08396,599.0
valid,b1c5,3.031,3.01551,F3 ElasticNet,2.96795,3.07689,b1,4.4C(80%)-4.4C,False,False,-4.17888,1.07613,1074.0
valid,b1c6,2.80346,2.9048,F3 ElasticNet,2.85724,2.96618,b1,4.8C(80%)-4.8C,False,False,-3.76888,1.07584,636.0
valid,b1c7,2.93952,2.96606,F3 ElasticNet,2.9185,3.02744,b1,4.8C(80%)-4.8C,False,False,-3.81349,1.09386,870.0
valid,b1c14,2.94448,2.95925,F3 ElasticNet,2.91169,3.02062,b1,5.4C(60%)-3C,False,False,-4.04607,1.07097,880.0
valid,b1c15,2.85673,2.93773,F3 ElasticNet,2.89017,2.99911,b1,5.4C(60%)-3C,False,False,-4.01795,1.06112,719.0
valid,b1c20,2.72754,2.77016,F3 ElasticNet,2.7226,2.83154,b1,5.4C(80%)-5.4C,False,False,-3.36724,1.07263,534.0
valid,b1c21,2.74741,2.78891,F3 ElasticNet,2.74135,2.85029,b1,5.4C(80%)-5.4C,False,False,-3.35034,1.08244,559.0
valid,b1c28,2.9345,2.90947,F3 ElasticNet,2.86191,2.97085,b1,6C(50%)-3C,False,False,-3.84471,1.07775,860.0
valid,b1c29,2.96237,2.9131,F3 ElasticNet,2.86554,2.97448,b1,6C(50%)-3C,False,False,-3.83828,1.07945,917.0
b2,b2c0,2.67852,2.81895,F3 ElasticNet,2.77139,2.88033,b2,5.2C(58%)-4C,False,False,-3.48726,1.10201,477.0
b2,b2c1,2.69108,2.80286,F3 ElasticNet,2.7553,2.86424,b2,5.6C(26%)-4.5C,False,False,-3.29805,1.10578,491.0
b2,b2c2,2.62737,2.74307,F3 ElasticNet,2.69551,2.80445,b2,5.2C(50%)-4.25C,False,False,-3.46025,1.07539,424.0
b2,b2c3,2.6981,2.80361,F3 ElasticNet,2.75605,2.86498,b2,4.65C(44%)-5C,False,False,-3.49624,1.09596,499.0
b2,b2c4,2.64738,2.7441,F3 ElasticNet,2.69654,2.80548,b2,4.65C(69%)-6C,False,False,-3.23251,1.08997,444.0
b2,b2c5,2.61909,2.7295,F3 ElasticNet,2.68194,2.79088,b2,3.6C(30%)-6C,False,False,-3.08588,1.09891,416.0
b2,b2c6,2.59439,2.76669,F3 ElasticNet,2.71913,2.82806,b2,3.6C(9%)-5C,False,False,-3.53004,1.08856,393.0
b2,b2c7,2.89042,2.98689,F3 ElasticNet,2.93933,3.04827,b2,4.8C(80%)-4.8C-newstructure,True,False,-4.23167,1.09048,777.0
b2,b2c8,2.95617,3.07804,F3 ElasticNet,3.03048,3.13942,b2,5.2C(58%)-4C-newstructure,True,False,-4.10242,1.09063,904.0
b2,b2c9,2.89818,3.17681,F3 ElasticNet,3.12925,3.23819,b2,5.6C(26%)-4.5C-newstructure,True,False,-4.34443,1.09497,791.0
b2,b2c10,2.69197,2.83326,F3 ElasticNet,2.7857,2.89464,b2,4.8C(80%)-4.8C,False,False,-3.4509,1.10928,492.0
b2,b2c11,2.65225,2.76064,F3 ElasticNet,2.71308,2.82202,b2,5.2C(50%)-4.25C,False,False,-3.48539,1.09592,449.0
b2,b2c12,2.66839,2.7174,F3 ElasticNet,2.66984,2.77878,b2,4.65C(44%)-5C,False,False,-3.16797,1.10165,466.0
b2,b2c13,2.66276,2.81465,F3 ElasticNet,2.76709,2.87603,b2,4.65C(69%)-6C,False,False,-3.34445,1.09544,460.0
b2,b2c14,2.62941,2.71197,F3 ElasticNet,2.66441,2.77335,b2,3.6C(30%)-6C,False,False,-3.11852,1.08449,426.0
b2,b2c15,2.5977,2.71739,F3 ElasticNet,2.66983,2.77877,b2,3.6C(9%)-5C,False,False,-3.51625,1.06975,396.0
b2,b2c16,2.67394,2.80164,F3 ElasticNet,2.75408,2.86302,b2,4.8C(80%)-4.8C,False,False,-3.49488,1.09454,472.0
b2,b2c17,2.67302,2.69533,F3 ElasticNet,2.64777,2.7567,b2,5.6C(26%)-4.5C,False,False,-3.50034,1.09172,471.0
b2,b2c18,2.65225,2.77051,F3 ElasticNet,2.72295,2.83189,b2,5.2C(50%)-4.25C,False,False,-3.7073,1.07563,449.0
b2,b2c19,2.59329,2.69277,F3 ElasticNet,2.64521,2.75415,b2,6C(60%)-3C,False,False,-3.29196,1.09024,392.0
b2,b2c20,2.68931,2.82802,F3 ElasticNet,2.78046,2.8894,b2,5.2C(58%)-4C,False,False,-3.44131,1.09773,489.0
b2,b2c21,2.61066,2.74632,F3 ElasticNet,2.69876,2.8077,b2,6C(60%)-3C,False,False,-3.32668,1.09859,408.0
b2,b2c24,2.71096,2.8403,F3 ElasticNet,2.79274,2.90168,b2,4.8C(80%)-4.8C,False,False,-3.64089,1.0923,514.0
b2,b2c25,2.69285,2.82088,F3 ElasticNet,2.77331,2.88225,b2,5.2C(58%)-4C,False,False,-3.53448,1.09884,493.0
b2,b2c26,2.65321,2.78283,F3 ElasticNet,2.73527,2.84421,b2,5.6C(26%)-4.5C,False,False,-3.22205,1.10435,450.0
b2,b2c27,2.67578,2.7478,F3 ElasticNet,2.70024,2.80918,b2,5.2C(50%)-4.25C,False,False,-3.4862,1.09257,474.0
b2,b2c28,2.64048,2.7463,F3 ElasticNet,2.69874,2.80768,b2,4.8C(80%)-4.8C,False,False,-3.42341,1.09045,437.0
b2,b2c29,2.65514,2.76602,F3 ElasticNet,2.71846,2.82739,b2,5.2C(58%)-4C,False,False,-3.50825,1.10321,452.0
b2,b2c30,2.6149,2.72795,F3 ElasticNet,2.68039,2.78933,b2,5.6C(26%)-4.5C,False,False,-3.18541,1.09464,412.0
b2,b2c31,2.62839,2.80398,F3 ElasticNet,2.75642,2.86536,b2,5.6C(26%)-4.5C,False,False,-3.35236,1.09901,425.0
b2,b2c32,2.90795,3.05459,F3 ElasticNet,3.00703,3.11597,b2,4.8C(80%)-4.8C-newstructure,True,False,-4.13147,1.08816,809.0
b2,b2c33,3.0569,3.08707,F3 ElasticNet,3.03951,3.14845,b2,5.2C(58%)-4C-newstructure,True,False,-4.23163,1.07327,1140.0
b2,b2c34,3.07408,3.15487,F3 ElasticNet,3.10731,3.21624,b2,5.6C(26%)-4.5C-newstructure,True,False,-4.44859,1.06717,1186.0
b2,b2c41,2.64542,2.75019,F3 ElasticNet,2.70263,2.81157,b2,5.6C(26%)-4.5C,False,False,-3.17237,1.10492,442.0
b2,b2c42,2.67578,2.80202,F3 ElasticNet,2.75446,2.8634,b2,5.2C(50%)-4.25C,False,False,-3.48259,1.10244,474.0
b2,b2c43,3.01242,3.1557,F3 ElasticNet,3.10813,3.21707,b2,4.8C(80%)-4.8C-newstructure,True,False,-4.27178,1.09743,1029.0
b2,b2c44,2.9248,3.18213,F3 ElasticNet,3.13457,3.24351,b2,5.2C(58%)-4C-newstructure,True,False,-4.36452,1.09659,841.0
b2,b2c45,2.9987,3.14642,F3 ElasticNet,3.09886,3.2078,b2,5.6C(26%)-4.5C-newstructure,True,False,-4.17521,1.10304,997.0
b2,b2c46,2.70157,2.84131,F3 ElasticNet,2.79375,2.90269,b2,4.8C(80%)-4.8C,False,False,-3.50888,1.10094,503.0
b3,b3c0,3.00389,3.04373,F3 ElasticNet,2.99617,3.10511,b3,5C(67%)-4C-newstructure,True,False,-4.24511,1.06746,1009.0
b3,b3c1,3.02653,3.05749,F3 ElasticNet,3.00993,3.11886,b3,5.3C(54%)-4C-newstructure,True,False,-4.28554,1.06506,1063.0
b3,b3c3,3.04727,3.00781,F3 ElasticNet,2.96025,3.06918,b3,5.6C(36%)-4.3C-newstructure,True,False,-4.11661,1.06289,1115.0
b3,b3c4,3.02036,3.0487,F3 ElasticNet,3.00114,3.11007,b3,5.6C(19%)-4.6C-newstructure,True,False,-4.17847,1.07248,1048.0
b3,b3c5,2.91803,2.95339,F3 ElasticNet,2.90583,3.01477,b3,5.6C(36%)-4.3C-newstructure,True,False,-4.11442,1.05145,828.0
b3,b3c6,2.82413,2.80408,F3 ElasticNet,2.75652,2.86546,b3,3.7C(31%)-5.9C-newstructure,True,False,-3.52571,1.06261,667.0
b3,b3c7,3.26387,3.13346,F3 ElasticNet,3.0859,3.19484,b3,4.8C(80%)-4.8C-newstructure,True,False,-4.48874,1.06752,1836.0
b3,b3c8,2.91803,2.97103,F3 ElasticNet,2.92347,3.03241,b3,5C(67%)-4C-newstructure,True,False,-4.0918,1.06474,828.0
b3,b3c9,3.01662,2.9396,F3 ElasticNet,2.89204,3.00098,b3,5.3C(54%)-4C-newstructure,True,False,-3.9823,1.06948,1039.0
b3,b3c10,3.03262,3.09175,F3 ElasticNet,3.04419,3.15313,b3,4.8C(80%)-4.8C-newstructure,True,False,-4.41136,1.06177,1078.0
b3,b3c11,2.91222,2.91637,F3 ElasticNet,2.86881,2.97774,b3,5.6C(19%)-4.6C-newstructure,True,False,-3.88492,1.06807,817.0
b3,b3c12,2.96942,2.95426,F3 ElasticNet,2.9067,3.01564,b3,5.6C(36%)-4.3C-newstructure,True,False,-3.94679,1.07417,932.0
b3,b3c13,2.91169,2.97983,F3 ElasticNet,2.93227,3.04121,b3,5.6C(19%)-4.6C-newstructure,True,False,-4.09447,1.06556,816.0
b3,b3c14,2.93349,2.94714,F3 ElasticNet,2.89958,3.00852,b3,5.6C(36%)-4.3C-newstructure,True,False,-3.99967,1.07271,858.0
b3,b3c15,2.9425,2.95677,F3 ElasticNet,2.90921,3.01815,b3,5.9C(15%)-4.6C-newstructure,True,False,-4.00068,1.06842,876.0
b3,b3c16,3.21431,3.21652,F3 ElasticNet,3.16896,3.27789,b3,4.8C(80%)-4.8C-newstructure,True,False,-4.69451,1.06101,1638.0
b3,b3c17,3.11893,3.14968,F3 ElasticNet,3.10212,3.21106,b3,5.3C(54%)-4C-newstructure,True,False,-4.43971,1.06645,1315.0
b3,b3c18,3.05918,3.0717,F3 ElasticNet,3.02414,3.13308,b3,5.6C(19%)-4.6C-newstructure,True,False,-4.25405,1.06802,1146.0
b3,b3c19,3.06258,3.04956,F3 ElasticNet,3.002,3.11094,b3,5.6C(36%)-4.3C-newstructure,True,False,-4.17194,1.07192,1155.0
b3,b3c20,2.91009,2.97891,F3 ElasticNet,2.93135,3.04029,b3,5C(67%)-4C-newstructure,True,False,-4.06634,1.06505,813.0
b3,b3c21,2.88762,2.88628,F3 ElasticNet,2.83871,2.94765,b3,3.7C(31%)-5.9C-newstructure,True,False,-3.70433,1.06786,772.0
b3,b3c22,3.00087,2.94147,F3 ElasticNet,2.89391,3.00285,b3,5.9C(60%)-3.1C-newstructure,True,False,-4.04682,1.05626,1002.0
b3,b3c24,2.91645,2.93847,F3 ElasticNet,2.89091,2.99985,b3,5C(67%)-4C-newstructure,True,False,-4.15525,1.04627,825.0
b3,b3c25,2.9952,2.99628,F3 ElasticNet,2.94872,3.05766,b3,5.3C(54%)-4C-newstructure,True,False,-4.14656,1.06113,989.0
b3,b3c26,3.01199,3.05782,F3 ElasticNet,3.01026,3.11919,b3,5.6C(19%)-4.6C-newstructure,True,False,-4.21951,1.07202,1028.0
b3,b3c27,2.92942,2.98695,F3 ElasticNet,2.93939,3.04833,b3,5.6C(36%)-4.3C-newstructure,True,False,-4.13013,1.06042,850.0
b3,b3c28,2.7332,2.73689,F3 ElasticNet,2.68933,2.79827,b3,3.7C(31%)-5.9C-newstructure,True,False,-3.45166,1.05187,541.0
b3,b3c29,2.93349,2.96701,F3 ElasticNet,2.91945,3.02839,b3,5.9C(15%)-4.6C-newstructure,True,False,-4.06358,1.06637,858.0
b3,b3c30,2.97081,3.00101,F3 ElasticNet,2.95345,3.06238,b3,5.3C(54%)-4C-newstructure,True,False,-4.10023,1.06874,935.0
b3,b3c31,2.86392,2.89214,F3 ElasticNet,2.84458,2.95351,b3,5.9C(60%)-3.1C-newstructure,True,False,-3.8396,1.06818,731.0
b3,b3c33,3.10857,3.10268,F3 ElasticNet,3.05512,3.16406,b3,5C(67%)-4C-newstructure,True,False,-4.3959,1.06027,1284.0
b3,b3c34,3.06371,3.05982,F3 ElasticNet,3.01226,3.1212,b3,5.3C(54%)-4C-newstructure,True,False,-4.30566,1.06153,1158.0
b3,b3c35,3.03862,3.04588,F3 ElasticNet,2.99832,3.10726,b3,5.6C(19%)-4.6C-newstructure,True,False,-4.23486,1.06338,1093.0
b3,b3c36,2.9652,3.03198,F3 ElasticNet,2.98442,3.09335,b3,5.6C(36%)-4.3C-newstructure,True,False,-4.25346,1.05753,923.0
b3,b3c38,3.28668,3.09795,F3 ElasticNet,3.05039,3.15933,b3,5C(67%)-4C-newstructure,True,False,-4.34205,1.07015,1935.0
b3,b3c39,3.06296,3.07697,F3 ElasticNet,3.02941,3.13834,b3,5.3C(54%)-4C-newstructure,True,False,-4.45464,1.0474,1156.0
b3,b3c40,2.90091,3.03729,F3 ElasticNet,2.98973,3.09867,b3,5.6C(19%)-4.6C-newstructure,True,False,-4.29511,1.05932,796.0
b3,b3c41,2.89542,2.99478,F3 ElasticNet,2.94722,3.05616,b3,5.6C(36%)-4.3C-newstructure,True,False,-4.21951,1.05052,786.0
b3,b3c44,2.97313,3.00173,F3 ElasticNet,2.95417,3.0631,b3,5.3C(54%)-4C-newstructure,True,False,-4.1315,1.06972,940.0
b3,b3c45,3.25551,3.16096,F3 ElasticNet,3.11339,3.22233,b3,4.8C(80%)-4.8C-newstructure,True,False,-4.52085,1.06955,1801.0
cv_oof,b1c0,3.26764,3.34713,F3 Ridge,3.28987,3.4126,b1,3.6C(80%)-3.6C,False,True,-5.01486,1.07069,1852.0
cv_oof,b1c1,3.33445,3.24302,F3 Ridge,3.18576,3.30848,b1,3.6C(80%)-3.6C,False,True,-5.01396,1.0753,2160.0
cv_oof,b1c2,3.34967,3.1079,F3 Ridge,3.05064,3.17337,b1,3.6C(80%)-3.6C,False,True,-4.737,1.07992,2237.0
cv_oof,b1c3,3.15655,3.11704,F3 Ridge,3.05979,3.18251,b1,4C(80%)-4C,False,True,-4.44261,1.07972,1434.0
cv_oof,b1c4,3.23274,3.16714,F3 Ridge,3.10989,3.23261,b1,4C(80%)-4C,False,True,-4.64774,1.07842,1709.0
cv_oof,b1c9,3.02284,3.01272,F3 Ridge,2.95547,3.07819,b1,5.4C(40%)-3.6C,False,False,-4.05938,1.08297,1054.0
cv_oof,b1c11,2.89653,2.99373,F3 Ridge,2.93648,3.0592,b1,5.4C(50%)-3C,False,False,-4.1469,1.05378,788.0
cv_oof,b1c16,2.93551,3.01798,F3 Ridge,2.96072,3.08344,b1,5.4C(60%)-3.6C,False,False,-4.09941,1.08117,862.0
cv_oof,b1c17,2.93298,2.93204,F3 Ridge,2.87479,2.99751,b1,5.4C(60%)-3.6C,False,False,-3.97016,1.07205,857.0
cv_oof,b1c18,2.83948,2.77639,F3 Ridge,2.71914,2.84186,b1,5.4C(70%)-3C,False,False,-3.65008,1.06617,691.0
cv_oof,b1c19,2.89653,2.89047,F3 Ridge,2.83321,2.95593,b1,5.4C(70%)-3C,False,False,-3.61991,1.08511,788.0
cv_oof,b1c23,3.00604,2.97237,F3 Ridge,2.91511,3.03784,b1,6C(30%)-3.6C,False,False,-4.04079,1.07929,1014.0
cv_oof,b1c24,3.00732,2.94304,F3 Ridge,2.88579,3.00851,b1,6C(40%)-3C,False,False,-3.93866,1.07454,1017.0
cv_oof,b1c25,2.93146,2.97463,F3 Ridge,2.91738,3.0401,b1,6C(40%)-3C,False,False,-4.02789,1.07523,854.0
cv_oof,b1c26,2.93952,2.97529,F3 Ridge,2.91803,3.04076,b1,6C(40%)-3.6C,False,False,-3.79522,1.08765,870.0
cv_oof,b1c27,2.92531,2.91238,F3 Ridge,2.85512,2.97784,b1,6C(40%)-3.6C,False,False,-3.8537,1.07905,842.0
cv_oof,b1c30,2.85065,2.90888,F3 Ridge,2.85163,2.97435,b1,6C(50%)-3.6C,False,False,-3.7447,1.07986,709.0
cv_oof,b1c31,2.9425,2.95703,F3 Ridge,2.89978,3.0225,b1,6C(50%)-3.6C,False,False,-3.77773,1.09464,876.0
cv_oof,b1c32,2.86392,2.84502,F3 Ridge,2.78777,2.91049,b1,6C(60%)-3C,False,False,-3.64646,1.07784,731.0
cv_oof,b1c33,2.8791,2.91876,F3 Ridge,2.86151,2.98423,b1,6C(60%)-3C,False,False,-3.66706,1.09249,757.0
cv_oof,b1c34,2.8704,2.91367,F3 Ridge,2.85641,2.97914,b1,7C(30%)-3.6C,False,False,-3.84862,1.07662,742.0
cv_oof,b1c35,2.84696,2.84901,F3 Ridge,2.79176,2.91448,b1,7C(30%)-3.6C,False,False,-3.77261,1.07075,703.0
cv_oof,b1c36,2.84757,2.82751,F3 Ridge,2.77025,2.89298,b1,7C(40%)-3C,False,False,-3.6695,1.07783,704.0
cv_oof,b1c37,2.81158,2.85999,F3 Ridge,2.80274,2.92546,b1,7C(40%)-3C,False,False,-3.67394,1.07482,648.0
cv_oof,b1c38,2.79029,2.71494,F3 Ridge,2.65769,2.78041,b1,7C(40%)-3.6C,False,False,-3.43305,1.07295,617.0
cv_oof,b1c39,2.79588,2.80582,F3 Ridge,2.74856,2.87128,b1,7C(40%)-3.6C,False,False,-3.50453,1.08178,625.0
cv_oof,b1c40,2.98498,3.00705,F3 Ridge,2.9498,3.07252,b1,8C(15%)-3.6C,False,False,-4.05521,1.0833,966.0
cv_oof,b1c41,3.0216,2.99238,F3 Ridge,2.93512,3.05785,b1,8C(15%)-3.6C,False,False,-4.07151,1.07896,1051.0
cv_oof,b1c42,2.84634,2.86212,F3 Ridge,2.80486,2.92759,b1,8C(25%)-3.6C,False,False,-3.66586,1.07987,702.0
cv_oof,b1c43,2.81358,2.81523,F3 Ridge,2.75798,2.8807,b1,8C(25%)-3.6C,False,False,-3.66778,1.06824,651.0
cv_oof,b1c44,2.78958,2.79186,F3 Ridge,2.7346,2.85732,b1,8C(35%)-3.6C,False,False,-3.4207,1.08477,616.0
cv_oof,b1c45,2.77743,2.78021,F3 Ridge,2.72295,2.84567,b1,8C(35%)-3.6C,False,False,-3.42529,1.08396,599.0
valid,b1c5,3.031,3.00042,F3 Ridge,2.94316,3.06588,b1,4.4C(80%)-4.4C,False,False,-4.17888,1.07613,1074.0
valid,b1c6,2.80346,2.92074,F3 Ridge,2.86348,2.9862,b1,4.8C(80%)-4.8C,False,False,-3.76888,1.07584,636.0
valid,b1c7,2.93952,2.98183,F3 Ridge,2.92458,3.0473,b1,4.8C(80%)-4.8C,False,False,-3.81349,1.09386,870.0
valid,b1c14,2.94448,2.96025,F3 Ridge,2.90299,3.02572,b1,5.4C(60%)-3C,False,False,-4.04607,1.07097,880.0
valid,b1c15,2.85673,2.95669,F3 Ridge,2.89944,3.02216,b1,5.4C(60%)-3C,False,False,-4.01795,1.06112,719.0
valid,b1c20,2.72754,2.78969,F3 Ridge,2.73244,2.85516,b1,5.4C(80%)-5.4C,False,False,-3.36724,1.07263,534.0
valid,b1c21,2.74741,2.80642,F3 Ridge,2.74917,2.87189,b1,5.4C(80%)-5.4C,False,False,-3.35034,1.08244,559.0
valid,b1c28,2.9345,2.90417,F3 Ridge,2.84692,2.96964,b1,6C(50%)-3C,False,False,-3.84471,1.07775,860.0
valid,b1c29,2.96237,2.91093,F3 Ridge,2.85368,2.9764,b1,6C(50%)-3C,False,False,-3.83828,1.07945,917.0
b2,b2c0,2.67852,2.82908,F3 Ridge,2.77182,2.89454,b2,5.2C(58%)-4C,False,False,-3.48726,1.10201,477.0
b2,b2c1,2.69108,2.86719,F3 Ridge,2.80993,2.93265,b2,5.6C(26%)-4.5C,False,False,-3.29805,1.10578,491.0
b2,b2c2,2.62737,2.74436,F3 Ridge,2.68711,2.80983,b2,5.2C(50%)-4.25C,False,False,-3.46025,1.07539,424.0
b2,b2c3,2.6981,2.8447,F3 Ridge,2.78744,2.91016,b2,4.65C(44%)-5C,False,False,-3.49624,1.09596,499.0
b2,b2c4,2.64738,2.73553,F3 Ridge,2.67828,2.801,b2,4.65C(69%)-6C,False,False,-3.23251,1.08997,444.0
b2,b2c5,2.61909,2.70887,F3 Ridge,2.65161,2.77433,b2,3.6C(30%)-6C,False,False,-3.08588,1.09891,416.0
b2,b2c6,2.59439,2.75991,F3 Ridge,2.70266,2.82538,b2,3.6C(9%)-5C,False,False,-3.53004,1.08856,393.0
b2,b2c7,2.89042,2.89285,F3 Ridge,2.8356,2.95832,b2,4.8C(80%)-4.8C-newstructure,True,False,-4.23167,1.09048,777.0
b2,b2c8,2.95617,3.06352,F3 Ridge,3.00627,3.12899,b2,5.2C(58%)-4C-newstructure,True,False,-4.10242,1.09063,904.0
b2,b2c9,2.89818,3.15611,F3 Ridge,3.09886,3.22158,b2,5.6C(26%)-4.5C-newstructure,True,False,-4.34443,1.09497,791.0
b2,b2c10,2.69197,2.76041,F3 Ridge,2.70316,2.82588,b2,4.8C(80%)-4.8C,False,False,-3.4509,1.10928,492.0
b2,b2c11,2.65225,2.69594,F3 Ridge,2.63868,2.7614,b2,5.2C(50%)-4.25C,False,False,-3.48539,1.09592,449.0
b2,b2c12,2.66839,2.69419,F3 Ridge,2.63693,2.75965,b2,4.65C(44%)-5C,False,False,-3.16797,1.10165,466.0
b2,b2c13,2.66276,2.81365,F3 Ridge,2.7564,2.87912,b2,4.65C(69%)-6C,False,False,-3.34445,1.09544,460.0
b2,b2c14,2.62941,2.62809,F3 Ridge,2.57083,2.69356,b2,3.6C(30%)-6C,False,False,-3.11852,1.08449,426.0
b2,b2c15,2.5977,2.73356,F3 Ridge,2.67631,2.79903,b2,3.6C(9%)-5C,False,False,-3.51625,1.06975,396.0
b2,b2c16,2.67394,2.8317,F3 Ridge,2.77445,2.89717,b2,4.8C(80%)-4.8C,False,False,-3.49488,1.09454,472.0
b2,b2c17,2.67302,2.59485,F3 Ridge,2.5376,2.66032,b2,5.6C(26%)-4.5C,False,False,-3.50034,1.09172,471.0
b2,b2c18,2.65225,2.75403,F3 Ridge,2.69678,2.8195,b2,5.2C(50%)-4.25C,False,False,-3.7073,1.07563,449.0
b2,b2c19,2.59329,2.70273,F3 Ridge,2.64547,2.76819,b2,6C(60%)-3C,False,False,-3.29196,1.09024,392.0
b2,b2c20,2.68931,2.75599,F3 Ridge,2.69874,2.82146,b2,5.2C(58%)-4C,False,False,-3.44131,1.09773,489.0
b2,b2c21,2.61066,2.82221,F3 Ridge,2.76496,2.88768,b2,6C(60%)-3C,False,False,-3.32668,1.09859,408.0
b2,b2c24,2.71096,2.75103,F3 Ridge,2.69378,2.8165,b2,4.8C(80%)-4.8C,False,False,-3.64089,1.0923,514.0
b2,b2c25,2.69285,2.73757,F3 Ridge,2.68031,2.80304,b2,5.2C(58%)-4C,False,False,-3.53448,1.09884,493.0
b2,b2c26,2.65321,2.73703,F3 Ridge,2.67978,2.8025,b2,5.6C(26%)-4.5C,False,False,-3.22205,1.10435,450.0
b2,b2c27,2.67578,2.67801,F3 Ridge,2.62076,2.74348,b2,5.2C(50%)-4.25C,False,False,-3.4862,1.09257,474.0
b2,b2c28,2.64048,2.67334,F3 Ridge,2.61608,2.73881,b2,4.8C(80%)-4.8C,False,False,-3.42341,1.09045,437.0
b2,b2c29,2.65514,2.74449,F3 Ridge,2.68724,2.80996,b2,5.2C(58%)-4C,False,False,-3.50825,1.10321,452.0
b2,b2c30,2.6149,2.67027,F3 Ridge,2.61301,2.73573,b2,5.6C(26%)-4.5C,False,False,-3.18541,1.09464,412.0
b2,b2c31,2.62839,2.82478,F3 Ridge,2.76752,2.89024,b2,5.6C(26%)-4.5C,False,False,-3.35236,1.09901,425.0
b2,b2c32,2.90795,3.01751,F3 Ridge,2.96026,3.08298,b2,4.8C(80%)-4.8C-newstructure,True,False,-4.13147,1.08816,809.0
b2,b2c33,3.0569,3.06703,F3 Ridge,3.00977,3.13249,b2,5.2C(58%)-4C-newstructure,True,False,-4.23163,1.07327,1140.0
b2,b2c34,3.07408,3.18061,F3 Ridge,3.12335,3.24608,b2,5.6C(26%)-4.5C-newstructure,True,False,-4.44859,1.06717,1186.0
b2,b2c41,2.64542,2.7519,F3 Ridge,2.69464,2.81736,b2,5.6C(26%)-4.5C,False,False,-3.17237,1.10492,442.0
b2,b2c42,2.67578,2.74326,F3 Ridge,2.68601,2.80873,b2,5.2C(50%)-4.25C,False,False,-3.48259,1.10244,474.0
b2,b2c43,3.01242,3.16115,F3 Ridge,3.1039,3.22662,b2,4.8C(80%)-4.8C-newstructure,True,False,-4.27178,1.09743,1029.0
b2,b2c44,2.9248,3.17018,F3 Ridge,3.11293,3.23565,b2,5.2C(58%)-4C-newstructure,True,False,-4.36452,1.09659,841.0
b2,b2c45,2.9987,3.13796,F3 Ridge,3.0807,3.20342,b2,5.6C(26%)-4.5C-newstructure,True,False,-4.17521,1.10304,997.0
b2,b2c46,2.70157,2.8795,F3 Ridge,2.82225,2.94497,b2,4.8C(80%)-4.8C,False,False,-3.50888,1.10094,503.0
b3,b3c0,3.00389,3.0694,F3 Ridge,3.01215,3.13487,b3,5C(67%)-4C-newstructure,True,False,-4.24511,1.06746,1009.0
b3,b3c1,3.02653,3.08678,F3 Ridge,3.02952,3.15225,b3,5.3C(54%)-4C-newstructure,True,False,-4.28554,1.06506,1063.0
b3,b3c3,3.04727,3.05072,F3 Ridge,2.99347,3.11619,b3,5.6C(36%)-4.3C-newstructure,True,False,-4.11661,1.06289,1115.0
b3,b3c4,3.02036,3.07583,F3 Ridge,3.01858,3.1413,b3,5.6C(19%)-4.6C-newstructure,True,False,-4.17847,1.07248,1048.0
b3,b3c5,2.91803,2.99295,F3 Ridge,2.93569,3.05841,b3,5.6C(36%)-4.3C-newstructure,True,False,-4.11442,1.05145,828.0
b3,b3c6,2.82413,2.79533,F3 Ridge,2.73808,2.8608,b3,3.7C(31%)-5.9C-newstructure,True,False,-3.52571,1.06261,667.0
b3,b3c7,3.26387,3.17604,F3 Ridge,3.11879,3.24151,b3,4.8C(80%)-4.8C-newstructure,True,False,-4.48874,1.06752,1836.0
b3,b3c8,2.91803,2.98817,F3 Ridge,2.93091,3.05363,b3,5C(67%)-4C-newstructure,True,False,-4.0918,1.06474,828.0
b3,b3c9,3.01662,2.96053,F3 Ridge,2.90328,3.026,b3,5.3C(54%)-4C-newstructure,True,False,-3.9823,1.06948,1039.0
b3,b3c10,3.03262,3.1467,F3 Ridge,3.08944,3.21216,b3,4.8C(80%)-4.8C-newstructure,True,False,-4.41136,1.06177,1078.0
b3,b3c11,2.91222,2.93756,F3 Ridge,2.8803,3.00302,b3,5.6C(19%)-4.6C-newstructure,True,False,-3.88492,1.06807,817.0
b3,b3c12,2.96942,3.00549,F3 Ridge,2.94824,3.07096,b3,5.6C(36%)-4.3C-newstructure,True,False,-3.94679,1.07417,932.0
b3,b3c13,2.91169,2.99379,F3 Ridge,2.93654,3.05926,b3,5.6C(19%)-4.6C-newstructure,True,False,-4.09447,1.06556,816.0
b3,b3c14,2.93349,2.94951,F3 Ridge,2.89226,3.01498,b3,5.6C(36%)-4.3C-newstructure,True,False,-3.99967,1.07271,858.0
b3,b3c15,2.9425,2.99287,F3 Ridge,2.93562,3.05834,b3,5.9C(15%)-4.6C-newstructure,True,False,-4.00068,1.06842,876.0
b3,b3c16,3.21431,3.30918,F3 Ridge,3.25193,3.37465,b3,4.8C(80%)-4.8C-newstructure,True,False,-4.69451,1.06101,1638.0
b3,b3c17,3.11893,3.24389,F3 Ridge,3.18664,3.30936,b3,5.3C(54%)-4C-newstructure,True,False,-4.43971,1.06645,1315.0
b3,b3c18,3.05918,3.11266,F3 Ridge,3.05541,3.17813,b3,5.6C(19%)-4.6C-newstructure,True,False,-4.25405,1.06802,1146.0
b3,b3c19,3.06258,3.09686,F3 Ridge,3.03961,3.16233,b3,5.6C(36%)-4.3C-newstructure,True,False,-4.17194,1.07192,1155.0
b3,b3c20,2.91009,3.00277,F3 Ridge,2.94552,3.06824,b3,5C(67%)-4C-newstructure,True,False,-4.06634,1.06505,813.0
b3,b3c21,2.88762,2.88758,F3 Ridge,2.83032,2.95304,b3,3.7C(31%)-5.9C-newstructure,True,False,-3.70433,1.06786,772.0
b3,b3c22,3.00087,2.9816,F3 Ridge,2.92434,3.04706,b3,5.9C(60%)-3.1C-newstructure,True,False,-4.04682,1.05626,1002.0
b3,b3c24,2.91645,2.96082,F3 Ridge,2.90357,3.02629,b3,5C(67%)-4C-newstructure,True,False,-4.15525,1.04627,825.0
b3,b3c25,2.9952,3.02367,F3 Ridge,2.96642,3.08914,b3,5.3C(54%)-4C-newstructure,True,False,-4.14656,1.06113,989.0
b3,b3c26,3.01199,3.08688,F3 Ridge,3.02963,3.15235,b3,5.6C(19%)-4.6C-newstructure,True,False,-4.21951,1.07202,1028.0
b3,b3c27,2.92942,3.00907,F3 Ridge,2.95182,3.07454,b3,5.6C(36%)-4.3C-newstructure,True,False,-4.13013,1.06042,850.0
b3,b3c28,2.7332,2.73263,F3 Ridge,2.67538,2.7981,b3,3.7C(31%)-5.9C-newstructure,True,False,-3.45166,1.05187,541.0
b3,b3c29,2.93349,2.98218,F3 Ridge,2.92493,3.04765,b3,5.9C(15%)-4.6C-newstructure,True,False,-4.06358,1.06637,858.0
b3,b3c30,2.97081,3.02296,F3 Ridge,2.96571,3.08843,b3,5.3C(54%)-4C-newstructure,True,False,-4.10023,1.06874,935.0
b3,b3c31,2.86392,2.90944,F3 Ridge,2.85219,2.97491,b3,5.9C(60%)-3.1C-newstructure,True,False,-3.8396,1.06818,731.0
b3,b3c33,3.10857,3.14787,F3 Ridge,3.09061,3.21334,b3,5C(67%)-4C-newstructure,True,False,-4.3959,1.06027,1284.0
b3,b3c34,3.06371,3.10332,F3 Ridge,3.04607,3.16879,b3,5.3C(54%)-4C-newstructure,True,False,-4.30566,1.06153,1158.0
b3,b3c35,3.03862,3.08488,F3 Ridge,3.02763,3.15035,b3,5.6C(19%)-4.6C-newstructure,True,False,-4.23486,1.06338,1093.0
b3,b3c36,2.9652,3.06604,F3 Ridge,3.00879,3.13151,b3,5.6C(36%)-4.3C-newstructure,True,False,-4.25346,1.05753,923.0
b3,b3c38,3.28668,3.16272,F3 Ridge,3.10546,3.22819,b3,5C(67%)-4C-newstructure,True,False,-4.34205,1.07015,1935.0
b3,b3c39,3.06296,3.11994,F3 Ridge,3.06269,3.18541,b3,5.3C(54%)-4C-newstructure,True,False,-4.45464,1.0474,1156.0
b3,b3c40,2.90091,3.05723,F3 Ridge,2.99998,3.1227,b3,5.6C(19%)-4.6C-newstructure,True,False,-4.29511,1.05932,796.0
b3,b3c41,2.89542,3.02911,F3 Ridge,2.97185,3.09457,b3,5.6C(36%)-4.3C-newstructure,True,False,-4.21951,1.05052,786.0
b3,b3c44,2.97313,3.01594,F3 Ridge,2.95868,3.0814,b3,5.3C(54%)-4C-newstructure,True,False,-4.1315,1.06972,940.0
b3,b3c45,3.25551,3.19829,F3 Ridge,3.14103,3.26375,b3,4.8C(80%)-4.8C-newstructure,True,False,-4.52085,1.06955,1801.0
cv_oof,b1c0,3.26764,3.33077,F4 ElasticNet,3.26905,3.39144,b1,3.6C(80%)-3.6C,False,True,-5.01486,1.07069,1852.0
cv_oof,b1c1,3.33445,3.26214,F4 ElasticNet,3.20043,3.32281,b1,3.6C(80%)-3.6C,False,True,-5.01396,1.0753,2160.0
cv_oof,b1c2,3.34967,3.16706,F4 ElasticNet,3.10534,3.22773,b1,3.6C(80%)-3.6C,False,True,-4.737,1.07992,2237.0
cv_oof,b1c3,3.15655,3.15628,F4 ElasticNet,3.09457,3.21695,b1,4C(80%)-4C,False,True,-4.44261,1.07972,1434.0
cv_oof,b1c4,3.23274,3.15856,F4 ElasticNet,3.09684,3.21923,b1,4C(80%)-4C,False,True,-4.64774,1.07842,1709.0
cv_oof,b1c9,3.02284,2.99654,F4 ElasticNet,2.93482,3.05721,b1,5.4C(40%)-3.6C,False,False,-4.05938,1.08297,1054.0
cv_oof,b1c11,2.89653,2.99922,F4 ElasticNet,2.9375,3.05989,b1,5.4C(50%)-3C,False,False,-4.1469,1.05378,788.0
cv_oof,b1c16,2.93551,3.0201,F4 ElasticNet,2.95838,3.08077,b1,5.4C(60%)-3.6C,False,False,-4.09941,1.08117,862.0
cv_oof,b1c17,2.93298,2.94201,F4 ElasticNet,2.8803,3.00268,b1,5.4C(60%)-3.6C,False,False,-3.97016,1.07205,857.0
cv_oof,b1c18,2.83948,2.8516,F4 ElasticNet,2.78989,2.91227,b1,5.4C(70%)-3C,False,False,-3.65008,1.06617,691.0
cv_oof,b1c19,2.89653,2.86007,F4 ElasticNet,2.79835,2.92074,b1,5.4C(70%)-3C,False,False,-3.61991,1.08511,788.0
cv_oof,b1c23,3.00604,2.97233,F4 ElasticNet,2.91061,3.03299,b1,6C(30%)-3.6C,False,False,-4.04079,1.07929,1014.0
cv_oof,b1c24,3.00732,2.94396,F4 ElasticNet,2.88224,3.00463,b1,6C(40%)-3C,False,False,-3.93866,1.07454,1017.0
cv_oof,b1c25,2.93146,2.96781,F4 ElasticNet,2.9061,3.02848,b1,6C(40%)-3C,False,False,-4.02789,1.07523,854.0
cv_oof,b1c26,2.93952,2.92474,F4 ElasticNet,2.86302,2.98541,b1,6C(40%)-3.6C,False,False,-3.79522,1.08765,870.0
cv_oof,b1c27,2.92531,2.9145,F4 ElasticNet,2.85279,2.97517,b1,6C(40%)-3.6C,False,False,-3.8537,1.07905,842.0
cv_oof,b1c30,2.85065,2.88243,F4 ElasticNet,2.82071,2.9431,b1,6C(50%)-3.6C,False,False,-3.7447,1.07986,709.0
cv_oof,b1c31,2.9425,2.97424,F4 ElasticNet,2.91252,3.03491,b1,6C(50%)-3.6C,False,False,-3.77773,1.09464,876.0
cv_oof,b1c32,2.86392,2.84861,F4 ElasticNet,2.78689,2.90928,b1,6C(60%)-3C,False,False,-3.64646,1.07784,731.0
cv_oof,b1c33,2.8791,2.90114,F4 ElasticNet,2.83942,2.96181,b1,6C(60%)-3C,False,False,-3.66706,1.09249,757.0
cv_oof,b1c34,2.8704,2.92874,F4 ElasticNet,2.86702,2.98941,b1,7C(30%)-3.6C,False,False,-3.84862,1.07662,742.0
cv_oof,b1c35,2.84696,2.8965,F4 ElasticNet,2.83478,2.95717,b1,7C(30%)-3.6C,False,False,-3.77261,1.07075,703.0
cv_oof,b1c36,2.84757,2.89615,F4 ElasticNet,2.83443,2.95681,b1,7C(40%)-3C,False,False,-3.6695,1.07783,704.0
cv_oof,b1c37,2.81158,2.87367,F4 ElasticNet,2.81195,2.93434,b1,7C(40%)-3C,False,False,-3.67394,1.07482,648.0
cv_oof,b1c38,2.79029,2.76389,F4 ElasticNet,2.70217,2.82456,b1,7C(40%)-3.6C,False,False,-3.43305,1.07295,617.0
cv_oof,b1c39,2.79588,2.81197,F4 ElasticNet,2.75025,2.87264,b1,7C(40%)-3.6C,False,False,-3.50453,1.08178,625.0
cv_oof,b1c40,2.98498,3.00526,F4 ElasticNet,2.94355,3.06593,b1,8C(15%)-3.6C,False,False,-4.05521,1.0833,966.0
cv_oof,b1c41,3.0216,2.99777,F4 ElasticNet,2.93606,3.05844,b1,8C(15%)-3.6C,False,False,-4.07151,1.07896,1051.0
cv_oof,b1c42,2.84634,2.86902,F4 ElasticNet,2.80731,2.92969,b1,8C(25%)-3.6C,False,False,-3.66586,1.07987,702.0
cv_oof,b1c43,2.81358,2.86172,F4 ElasticNet,2.8,2.92238,b1,8C(25%)-3.6C,False,False,-3.66778,1.06824,651.0
cv_oof,b1c44,2.78958,2.79103,F4 ElasticNet,2.72932,2.8517,b1,8C(35%)-3.6C,False,False,-3.4207,1.08477,616.0
cv_oof,b1c45,2.77743,2.79199,F4 ElasticNet,2.73027,2.85266,b1,8C(35%)-3.6C,False,False,-3.42529,1.08396,599.0
valid,b1c5,3.031,3.02511,F4 ElasticNet,2.96339,3.08578,b1,4.4C(80%)-4.4C,False,False,-4.17888,1.07613,1074.0
valid,b1c6,2.80346,2.89628,F4 ElasticNet,2.83456,2.95695,b1,4.8C(80%)-4.8C,False,False,-3.76888,1.07584,636.0
valid,b1c7,2.93952,2.94932,F4 ElasticNet,2.8876,3.00999,b1,4.8C(80%)-4.8C,False,False,-3.81349,1.09386,870.0
valid,b1c14,2.94448,2.96246,F4 ElasticNet,2.90074,3.02312,b1,5.4C(60%)-3C,False,False,-4.04607,1.07097,880.0
valid,b1c15,2.85673,2.93925,F4 ElasticNet,2.87753,2.99992,b1,5.4C(60%)-3C,False,False,-4.01795,1.06112,719.0
valid,b1c20,2.72754,2.77687,F4 ElasticNet,2.71516,2.83754,b1,5.4C(80%)-5.4C,False,False,-3.36724,1.07263,534.0
valid,b1c21,2.74741,2.78052,F4 ElasticNet,2.71881,2.84119,b1,5.4C(80%)-5.4C,False,False,-3.35034,1.08244,559.0
valid,b1c28,2.9345,2.91286,F4 ElasticNet,2.85114,2.97353,b1,6C(50%)-3C,False,False,-3.84471,1.07775,860.0
valid,b1c29,2.96237,2.91723,F4 ElasticNet,2.85552,2.9779,b1,6C(50%)-3C,False,False,-3.83828,1.07945,917.0
cv_oof,b1c0,3.26764,3.03686,F1 RandomForest,2.94445,3.11137,b1,3.6C(80%)-3.6C,False,True,-5.01486,1.07069,1852.0
cv_oof,b1c1,3.33445,3.03686,F1 RandomForest,2.94445,3.11137,b1,3.6C(80%)-3.6C,False,True,-5.01396,1.0753,2160.0
cv_oof,b1c2,3.34967,3.03686,F1 RandomForest,2.94445,3.11137,b1,3.6C(80%)-3.6C,False,True,-4.737,1.07992,2237.0
cv_oof,b1c3,3.15655,3.21535,F1 RandomForest,3.12294,3.28986,b1,4C(80%)-4C,False,True,-4.44261,1.07972,1434.0
cv_oof,b1c4,3.23274,3.26206,F1 RandomForest,3.16965,3.33658,b1,4C(80%)-4C,False,True,-4.64774,1.07842,1709.0
cv_oof,b1c9,3.02284,2.99224,F1 RandomForest,2.89983,3.06675,b1,5.4C(40%)-3.6C,False,False,-4.05938,1.08297,1054.0
cv_oof,b1c11,2.89653,3.03686,F1 RandomForest,2.94445,3.11137,b1,5.4C(50%)-3C,False,False,-4.1469,1.05378,788.0
cv_oof,b1c16,2.93551,2.98358,F1 RandomForest,2.89117,3.05809,b1,5.4C(60%)-3.6C,False,False,-4.09941,1.08117,862.0
cv_oof,b1c17,2.93298,2.98856,F1 RandomForest,2.89615,3.06308,b1,5.4C(60%)-3.6C,False,False,-3.97016,1.07205,857.0
cv_oof,b1c18,2.83948,2.86377,F1 RandomForest,2.77136,2.93829,b1,5.4C(70%)-3C,False,False,-3.65008,1.06617,691.0
cv_oof,b1c19,2.89653,2.86292,F1 RandomForest,2.77051,2.93743,b1,5.4C(70%)-3C,False,False,-3.61991,1.08511,788.0
cv_oof,b1c23,3.00604,3.03358,F1 RandomForest,2.94117,3.1081,b1,6C(30%)-3.6C,False,False,-4.04079,1.07929,1014.0
cv_oof,b1c24,3.00732,2.95384,F1 RandomForest,2.86143,3.02835,b1,6C(40%)-3C,False,False,-3.93866,1.07454,1017.0
cv_oof,b1c25,2.93146,3.03358,F1 RandomForest,2.94117,3.1081,b1,6C(40%)-3C,False,False,-4.02789,1.07523,854.0
cv_oof,b1c26,2.93952,2.91112,F1 RandomForest,2.81871,2.98563,b1,6C(40%)-3.6C,False,False,-3.79522,1.08765,870.0
cv_oof,b1c27,2.92531,2.89172,F1 RandomForest,2.79931,2.96624,b1,6C(40%)-3.6C,False,False,-3.8537,1.07905,842.0
cv_oof,b1c30,2.85065,2.86243,F1 RandomForest,2.77002,2.93695,b1,6C(50%)-3.6C,False,False,-3.7447,1.07986,709.0
cv_oof,b1c31,2.9425,2.86577,F1 RandomForest,2.77336,2.94028,b1,6C(50%)-3.6C,False,False,-3.77773,1.09464,876.0
cv_oof,b1c32,2.86392,2.84085,F1 RandomForest,2.74844,2.91537,b1,6C(60%)-3C,False,False,-3.64646,1.07784,731.0
cv_oof,b1c33,2.8791,2.82456,F1 RandomForest,2.73215,2.89907,b1,6C(60%)-3C,False,False,-3.66706,1.09249,757.0
cv_oof,b1c34,2.8704,2.93025,F1 RandomForest,2.83784,3.00476,b1,7C(30%)-3.6C,False,False,-3.84862,1.07662,742.0
cv_oof,b1c35,2.84696,2.93343,F1 RandomForest,2.84102,3.00795,b1,7C(30%)-3.6C,False,False,-3.77261,1.07075,703.0
cv_oof,b1c36,2.84757,2.84473,F1 RandomForest,2.75232,2.91924,b1,7C(40%)-3C,False,False,-3.6695,1.07783,704.0
cv_oof,b1c37,2.81158,2.84473,F1 RandomForest,2.75232,2.91924,b1,7C(40%)-3C,False,False,-3.67394,1.07482,648.0
cv_oof,b1c38,2.79029,2.88206,F1 RandomForest,2.78965,2.95658,b1,7C(40%)-3.6C,False,False,-3.43305,1.07295,617.0
cv_oof,b1c39,2.79588,2.88206,F1 RandomForest,2.78965,2.95658,b1,7C(40%)-3.6C,False,False,-3.50453,1.08178,625.0
cv_oof,b1c40,2.98498,3.00577,F1 RandomForest,2.91336,3.08028,b1,8C(15%)-3.6C,False,False,-4.05521,1.0833,966.0
cv_oof,b1c41,3.0216,3.00577,F1 RandomForest,2.91336,3.08028,b1,8C(15%)-3.6C,False,False,-4.07151,1.07896,1051.0
cv_oof,b1c42,2.84634,2.86529,F1 RandomForest,2.77288,2.93981,b1,8C(25%)-3.6C,False,False,-3.66586,1.07987,702.0
cv_oof,b1c43,2.81358,2.86529,F1 RandomForest,2.77288,2.93981,b1,8C(25%)-3.6C,False,False,-3.66778,1.06824,651.0
cv_oof,b1c44,2.78958,2.88206,F1 RandomForest,2.78965,2.95658,b1,8C(35%)-3.6C,False,False,-3.4207,1.08477,616.0
cv_oof,b1c45,2.77743,2.88206,F1 RandomForest,2.78965,2.95658,b1,8C(35%)-3.6C,False,False,-3.42529,1.08396,599.0
valid,b1c5,3.031,2.91945,F1 RandomForest,2.82704,2.99396,b1,4.4C(80%)-4.4C,False,False,-4.17888,1.07613,1074.0
valid,b1c6,2.80346,2.87271,F1 RandomForest,2.7803,2.94722,b1,4.8C(80%)-4.8C,False,False,-3.76888,1.07584,636.0
valid,b1c7,2.93952,2.92446,F1 RandomForest,2.83205,2.99897,b1,4.8C(80%)-4.8C,False,False,-3.81349,1.09386,870.0
valid,b1c14,2.94448,2.99821,F1 RandomForest,2.9058,3.07272,b1,5.4C(60%)-3C,False,False,-4.04607,1.07097,880.0
valid,b1c15,2.85673,2.95572,F1 RandomForest,2.86331,3.03024,b1,5.4C(60%)-3C,False,False,-4.01795,1.06112,719.0
valid,b1c20,2.72754,2.78809,F1 RandomForest,2.69568,2.8626,b1,5.4C(80%)-5.4C,False,False,-3.36724,1.07263,534.0
valid,b1c21,2.74741,2.78809,F1 RandomForest,2.69568,2.8626,b1,5.4C(80%)-5.4C,False,False,-3.35034,1.08244,559.0
valid,b1c28,2.9345,2.89391,F1 RandomForest,2.8015,2.96842,b1,6C(50%)-3C,False,False,-3.84471,1.07775,860.0
valid,b1c29,2.96237,2.89391,F1 RandomForest,2.8015,2.96842,b1,6C(50%)-3C,False,False,-3.83828,1.07945,917.0
b2,b2c0,2.67852,2.78564,F1 RandomForest,2.69323,2.86015,b2,5.2C(58%)-4C,False,False,-3.48726,1.10201,477.0
b2,b2c1,2.69108,2.761,F1 RandomForest,2.66859,2.83552,b2,5.6C(26%)-4.5C,False,False,-3.29805,1.10578,491.0
b2,b2c2,2.62737,2.78454,F1 RandomForest,2.69214,2.85906,b2,5.2C(50%)-4.25C,False,False,-3.46025,1.07539,424.0
b2,b2c3,2.6981,2.78609,F1 RandomForest,2.69368,2.8606,b2,4.65C(44%)-5C,False,False,-3.49624,1.09596,499.0
b2,b2c4,2.64738,2.761,F1 RandomForest,2.66859,2.83552,b2,4.65C(69%)-6C,False,False,-3.23251,1.08997,444.0
b2,b2c5,2.61909,2.761,F1 RandomForest,2.66859,2.83552,b2,3.6C(30%)-6C,False,False,-3.08588,1.09891,416.0
b2,b2c6,2.59439,2.80837,F1 RandomForest,2.71596,2.88289,b2,3.6C(9%)-5C,False,False,-3.53004,1.08856,393.0
b2,b2c7,2.89042,2.97879,F1 RandomForest,2.88638,3.05331,b2,4.8C(80%)-4.8C-newstructure,True,False,-4.23167,1.09048,777.0
b2,b2c8,2.95617,2.97182,F1 RandomForest,2.87941,3.04634,b2,5.2C(58%)-4C-newstructure,True,False,-4.10242,1.09063,904.0
b2,b2c9,2.89818,3.12106,F1 RandomForest,3.02865,3.19558,b2,5.6C(26%)-4.5C-newstructure,True,False,-4.34443,1.09497,791.0
b2,b2c10,2.69197,2.78454,F1 RandomForest,2.69214,2.85906,b2,4.8C(80%)-4.8C,False,False,-3.4509,1.10928,492.0
b2,b2c11,2.65225,2.78564,F1 RandomForest,2.69323,2.86015,b2,5.2C(50%)-4.25C,False,False,-3.48539,1.09592,449.0
b2,b2c12,2.66839,2.761,F1 RandomForest,2.66859,2.83552,b2,4.65C(44%)-5C,False,False,-3.16797,1.10165,466.0
b2,b2c13,2.66276,2.761,F1 RandomForest,2.66859,2.83552,b2,4.65C(69%)-6C,False,False,-3.34445,1.09544,460.0
b2,b2c14,2.62941,2.761,F1 RandomForest,2.66859,2.83552,b2,3.6C(30%)-6C,False,False,-3.11852,1.08449,426.0
b2,b2c15,2.5977,2.78646,F1 RandomForest,2.69405,2.86098,b2,3.6C(9%)-5C,False,False,-3.51625,1.06975,396.0
b2,b2c16,2.67394,2.78609,F1 RandomForest,2.69368,2.8606,b2,4.8C(80%)-4.8C,False,False,-3.49488,1.09454,472.0
b2,b2c17,2.67302,2.78609,F1 RandomForest,2.69368,2.8606,b2,5.6C(26%)-4.5C,False,False,-3.50034,1.09172,471.0
b2,b2c18,2.65225,2.8283,F1 RandomForest,2.73589,2.90282,b2,5.2C(50%)-4.25C,False,False,-3.7073,1.07563,449.0
b2,b2c19,2.59329,2.761,F1 RandomForest,2.66859,2.83552,b2,6C(60%)-3C,False,False,-3.29196,1.09024,392.0
b2,b2c20,2.68931,2.78454,F1 RandomForest,2.69214,2.85906,b2,5.2C(58%)-4C,False,False,-3.44131,1.09773,489.0
b2,b2c21,2.61066,2.761,F1 RandomForest,2.66859,2.83552,b2,6C(60%)-3C,False,False,-3.32668,1.09859,408.0
b2,b2c24,2.71096,2.86621,F1 RandomForest,2.7738,2.94073,b2,4.8C(80%)-4.8C,False,False,-3.64089,1.0923,514.0
b2,b2c25,2.69285,2.80837,F1 RandomForest,2.71596,2.88289,b2,5.2C(58%)-4C,False,False,-3.53448,1.09884,493.0
b2,b2c26,2.65321,2.761,F1 RandomForest,2.66859,2.83552,b2,5.6C(26%)-4.5C,False,False,-3.22205,1.10435,450.0
b2,b2c27,2.67578,2.78564,F1 RandomForest,2.69323,2.86015,b2,5.2C(50%)-4.25C,False,False,-3.4862,1.09257,474.0
b2,b2c28,2.64048,2.77882,F1 RandomForest,2.68641,2.85334,b2,4.8C(80%)-4.8C,False,False,-3.42341,1.09045,437.0
b2,b2c29,2.65514,2.78609,F1 RandomForest,2.69368,2.8606,b2,5.2C(58%)-4C,False,False,-3.50825,1.10321,452.0
b2,b2c30,2.6149,2.761,F1 RandomForest,2.66859,2.83552,b2,5.6C(26%)-4.5C,False,False,-3.18541,1.09464,412.0
b2,b2c31,2.62839,2.761,F1 RandomForest,2.66859,2.83552,b2,5.6C(26%)-4.5C,False,False,-3.35236,1.09901,425.0
b2,b2c32,2.90795,2.97021,F1 RandomForest,2.8778,3.04473,b2,4.8C(80%)-4.8C-newstructure,True,False,-4.13147,1.08816,809.0
b2,b2c33,3.0569,2.97879,F1 RandomForest,2.88638,3.05331,b2,5.2C(58%)-4C-newstructure,True,False,-4.23163,1.07327,1140.0
b2,b2c34,3.07408,3.20864,F1 RandomForest,3.11623,3.28316,b2,5.6C(26%)-4.5C-newstructure,True,False,-4.44859,1.06717,1186.0
b2,b2c41,2.64542,2.761,F1 RandomForest,2.66859,2.83552,b2,5.6C(26%)-4.5C,False,False,-3.17237,1.10492,442.0
b2,b2c42,2.67578,2.78564,F1 RandomForest,2.69323,2.86015,b2,5.2C(50%)-4.25C,False,False,-3.48259,1.10244,474.0
b2,b2c43,3.01242,2.99868,F1 RandomForest,2.90627,3.0732,b2,4.8C(80%)-4.8C-newstructure,True,False,-4.27178,1.09743,1029.0
b2,b2c44,2.9248,3.12468,F1 RandomForest,3.03227,3.19919,b2,5.2C(58%)-4C-newstructure,True,False,-4.36452,1.09659,841.0
b2,b2c45,2.9987,2.97879,F1 RandomForest,2.88638,3.05331,b2,5.6C(26%)-4.5C-newstructure,True,False,-4.17521,1.10304,997.0
b2,b2c46,2.70157,2.78646,F1 RandomForest,2.69405,2.86098,b2,4.8C(80%)-4.8C,False,False,-3.50888,1.10094,503.0
b3,b3c0,3.00389,2.97965,F1 RandomForest,2.88724,3.05416,b3,5C(67%)-4C-newstructure,True,False,-4.24511,1.06746,1009.0
b3,b3c1,3.02653,2.99868,F1 RandomForest,2.90627,3.0732,b3,5.3C(54%)-4C-newstructure,True,False,-4.28554,1.06506,1063.0
b3,b3c3,3.04727,2.96821,F1 RandomForest,2.8758,3.04273,b3,5.6C(36%)-4.3C-newstructure,True,False,-4.11661,1.06289,1115.0
b3,b3c4,3.02036,2.97879,F1 RandomForest,2.88638,3.05331,b3,5.6C(19%)-4.6C-newstructure,True,False,-4.17847,1.07248,1048.0
b3,b3c5,2.91803,2.96821,F1 RandomForest,2.8758,3.04273,b3,5.6C(36%)-4.3C-newstructure,True,False,-4.11442,1.05145,828.0
b3,b3c6,2.82413,2.79439,F1 RandomForest,2.70198,2.8689,b3,3.7C(31%)-5.9C-newstructure,True,False,-3.52571,1.06261,667.0
b3,b3c7,3.26387,3.22842,F1 RandomForest,3.13601,3.30294,b3,4.8C(80%)-4.8C-newstructure,True,False,-4.48874,1.06752,1836.0
b3,b3c8,2.91803,2.972,F1 RandomForest,2.87959,3.04652,b3,5C(67%)-4C-newstructure,True,False,-4.0918,1.06474,828.0
b3,b3c9,3.01662,2.93196,F1 RandomForest,2.83955,3.00648,b3,5.3C(54%)-4C-newstructure,True,False,-3.9823,1.06948,1039.0
b3,b3c10,3.03262,3.15121,F1 RandomForest,3.0588,3.22573,b3,4.8C(80%)-4.8C-newstructure,True,False,-4.41136,1.06177,1078.0
b3,b3c11,2.91222,2.92012,F1 RandomForest,2.82771,2.99464,b3,5.6C(19%)-4.6C-newstructure,True,False,-3.88492,1.06807,817.0
b3,b3c12,2.96942,2.94214,F1 RandomForest,2.84973,3.01666,b3,5.6C(36%)-4.3C-newstructure,True,False,-3.94679,1.07417,932.0
b3,b3c13,2.91169,2.972,F1 RandomForest,2.87959,3.04652,b3,5.6C(19%)-4.6C-newstructure,True,False,-4.09447,1.06556,816.0
b3,b3c14,2.93349,2.91965,F1 RandomForest,2.82724,2.99417,b3,5.6C(36%)-4.3C-newstructure,True,False,-3.99967,1.07271,858.0
b3,b3c15,2.9425,2.91965,F1 RandomForest,2.82724,2.99417,b3,5.9C(15%)-4.6C-newstructure,True,False,-4.00068,1.06842,876.0
b3,b3c16,3.21431,3.26372,F1 RandomForest,3.17131,3.33824,b3,4.8C(80%)-4.8C-newstructure,True,False,-4.69451,1.06101,1638.0
b3,b3c17,3.11893,3.20271,F1 RandomForest,3.1103,3.27723,b3,5.3C(54%)-4C-newstructure,True,False,-4.43971,1.06645,1315.0
b3,b3c18,3.05918,2.98103,F1 RandomForest,2.88862,3.05554,b3,5.6C(19%)-4.6C-newstructure,True,False,-4.25405,1.06802,1146.0
b3,b3c19,3.06258,2.97879,F1 RandomForest,2.88638,3.05331,b3,5.6C(36%)-4.3C-newstructure,True,False,-4.17194,1.07192,1155.0
b3,b3c20,2.91009,3.0006,F1 RandomForest,2.90819,3.07512,b3,5C(67%)-4C-newstructure,True,False,-4.06634,1.06505,813.0
b3,b3c21,2.88762,2.82768,F1 RandomForest,2.73527,2.9022,b3,3.7C(31%)-5.9C-newstructure,True,False,-3.70433,1.06786,772.0
b3,b3c22,3.00087,2.97494,F1 RandomForest,2.88253,3.04946,b3,5.9C(60%)-3.1C-newstructure,True,False,-4.04682,1.05626,1002.0
b3,b3c24,2.91645,2.97085,F1 RandomForest,2.87844,3.04536,b3,5C(67%)-4C-newstructure,True,False,-4.15525,1.04627,825.0
b3,b3c25,2.9952,2.97085,F1 RandomForest,2.87844,3.04536,b3,5.3C(54%)-4C-newstructure,True,False,-4.14656,1.06113,989.0
b3,b3c26,3.01199,2.97879,F1 RandomForest,2.88638,3.05331,b3,5.6C(19%)-4.6C-newstructure,True,False,-4.21951,1.07202,1028.0
b3,b3c27,2.92942,2.97021,F1 RandomForest,2.8778,3.04473,b3,5.6C(36%)-4.3C-newstructure,True,False,-4.13013,1.06042,850.0
b3,b3c28,2.7332,2.78454,F1 RandomForest,2.69214,2.85906,b3,3.7C(31%)-5.9C-newstructure,True,False,-3.45166,1.05187,541.0
b3,b3c29,2.93349,3.00278,F1 RandomForest,2.91037,3.07729,b3,5.9C(15%)-4.6C-newstructure,True,False,-4.06358,1.06637,858.0
b3,b3c30,2.97081,2.972,F1 RandomForest,2.87959,3.04652,b3,5.3C(54%)-4C-newstructure,True,False,-4.10023,1.06874,935.0
b3,b3c31,2.86392,2.9396,F1 RandomForest,2.84719,3.01412,b3,5.9C(60%)-3.1C-newstructure,True,False,-3.8396,1.06818,731.0
b3,b3c33,3.10857,3.13224,F1 RandomForest,3.03983,3.20676,b3,5C(67%)-4C-newstructure,True,False,-4.3959,1.06027,1284.0
b3,b3c34,3.06371,3.04356,F1 RandomForest,2.95115,3.11808,b3,5.3C(54%)-4C-newstructure,True,False,-4.30566,1.06153,1158.0
b3,b3c35,3.03862,2.97879,F1 RandomForest,2.88638,3.05331,b3,5.6C(19%)-4.6C-newstructure,True,False,-4.23486,1.06338,1093.0
b3,b3c36,2.9652,2.98103,F1 RandomForest,2.88862,3.05554,b3,5.6C(36%)-4.3C-newstructure,True,False,-4.25346,1.05753,923.0
b3,b3c38,3.28668,3.12106,F1 RandomForest,3.02865,3.19558,b3,5C(67%)-4C-newstructure,True,False,-4.34205,1.07015,1935.0
b3,b3c39,3.06296,3.20864,F1 RandomForest,3.11623,3.28316,b3,5.3C(54%)-4C-newstructure,True,False,-4.45464,1.0474,1156.0
b3,b3c40,2.90091,3.04356,F1 RandomForest,2.95115,3.11808,b3,5.6C(19%)-4.6C-newstructure,True,False,-4.29511,1.05932,796.0
b3,b3c41,2.89542,2.97879,F1 RandomForest,2.88638,3.05331,b3,5.6C(36%)-4.3C-newstructure,True,False,-4.21951,1.05052,786.0
b3,b3c44,2.97313,2.97021,F1 RandomForest,2.8778,3.04473,b3,5.3C(54%)-4C-newstructure,True,False,-4.1315,1.06972,940.0
b3,b3c45,3.25551,3.22842,F1 RandomForest,3.13601,3.30294,b3,4.8C(80%)-4.8C-newstructure,True,False,-4.52085,1.06955,1801.0
cv_oof,b1c0,3.26764,3.106,F1 XGBoost,3.00786,3.21061,b1,3.6C(80%)-3.6C,False,True,-5.01486,1.07069,1852.0
cv_oof,b1c1,3.33445,3.106,F1 XGBoost,3.00786,3.21061,b1,3.6C(80%)-3.6C,False,True,-5.01396,1.0753,2160.0
cv_oof,b1c2,3.34967,3.106,F1 XGBoost,3.00786,3.21061,b1,3.6C(80%)-3.6C,False,True,-4.737,1.07992,2237.0
cv_oof,b1c3,3.15655,3.31144,F1 XGBoost,3.21329,3.41604,b1,4C(80%)-4C,False,True,-4.44261,1.07972,1434.0
cv_oof,b1c4,3.23274,3.31144,F1 XGBoost,3.21329,3.41604,b1,4C(80%)-4C,False,True,-4.64774,1.07842,1709.0
cv_oof,b1c9,3.02284,3.00768,F1 XGBoost,2.90953,3.11228,b1,5.4C(40%)-3.6C,False,False,-4.05938,1.08297,1054.0
cv_oof,b1c11,2.89653,3.106,F1 XGBoost,3.00786,3.21061,b1,5.4C(50%)-3C,False,False,-4.1469,1.05378,788.0
cv_oof,b1c16,2.93551,2.91408,F1 XGBoost,2.81594,3.01869,b1,5.4C(60%)-3.6C,False,False,-4.09941,1.08117,862.0
cv_oof,b1c17,2.93298,2.94829,F1 XGBoost,2.85014,3.05289,b1,5.4C(60%)-3.6C,False,False,-3.97016,1.07205,857.0
cv_oof,b1c18,2.83948,2.8747,F1 XGBoost,2.77655,2.9793,b1,5.4C(70%)-3C,False,False,-3.65008,1.06617,691.0
cv_oof,b1c19,2.89653,2.86353,F1 XGBoost,2.76538,2.96813,b1,5.4C(70%)-3C,False,False,-3.61991,1.08511,788.0
cv_oof,b1c23,3.00604,2.98597,F1 XGBoost,2.88783,3.09058,b1,6C(30%)-3.6C,False,False,-4.04079,1.07929,1014.0
cv_oof,b1c24,3.00732,2.92897,F1 XGBoost,2.83082,3.03357,b1,6C(40%)-3C,False,False,-3.93866,1.07454,1017.0
cv_oof,b1c25,2.93146,2.98597,F1 XGBoost,2.88783,3.09058,b1,6C(40%)-3C,False,False,-4.02789,1.07523,854.0
cv_oof,b1c26,2.93952,2.89108,F1 XGBoost,2.79294,2.99569,b1,6C(40%)-3.6C,False,False,-3.79522,1.08765,870.0
cv_oof,b1c27,2.92531,2.98641,F1 XGBoost,2.88827,3.09102,b1,6C(40%)-3.6C,False,False,-3.8537,1.07905,842.0
cv_oof,b1c30,2.85065,2.8472,F1 XGBoost,2.74905,2.9518,b1,6C(50%)-3.6C,False,False,-3.7447,1.07986,709.0
cv_oof,b1c31,2.9425,2.90584,F1 XGBoost,2.8077,3.01045,b1,6C(50%)-3.6C,False,False,-3.77773,1.09464,876.0
cv_oof,b1c32,2.86392,2.84426,F1 XGBoost,2.74611,2.94886,b1,6C(60%)-3C,False,False,-3.64646,1.07784,731.0
cv_oof,b1c33,2.8791,2.83277,F1 XGBoost,2.73462,2.93737,b1,6C(60%)-3C,False,False,-3.66706,1.09249,757.0
cv_oof,b1c34,2.8704,2.92981,F1 XGBoost,2.83167,3.03442,b1,7C(30%)-3.6C,False,False,-3.84862,1.07662,742.0
cv_oof,b1c35,2.84696,2.93762,F1 XGBoost,2.83948,3.04223,b1,7C(30%)-3.6C,False,False,-3.77261,1.07075,703.0
cv_oof,b1c36,2.84757,2.8472,F1 XGBoost,2.74905,2.9518,b1,7C(40%)-3C,False,False,-3.6695,1.07783,704.0
cv_oof,b1c37,2.81158,2.8472,F1 XGBoost,2.74905,2.9518,b1,7C(40%)-3C,False,False,-3.67394,1.07482,648.0
cv_oof,b1c38,2.79029,2.8878,F1 XGBoost,2.78965,2.9924,b1,7C(40%)-3.6C,False,False,-3.43305,1.07295,617.0
cv_oof,b1c39,2.79588,2.8878,F1 XGBoost,2.78965,2.9924,b1,7C(40%)-3.6C,False,False,-3.50453,1.08178,625.0
cv_oof,b1c40,2.98498,3.00471,F1 XGBoost,2.90656,3.10931,b1,8C(15%)-3.6C,False,False,-4.05521,1.0833,966.0
cv_oof,b1c41,3.0216,2.91408,F1 XGBoost,2.81594,3.01869,b1,8C(15%)-3.6C,False,False,-4.07151,1.07896,1051.0
cv_oof,b1c42,2.84634,2.8747,F1 XGBoost,2.77655,2.9793,b1,8C(25%)-3.6C,False,False,-3.66586,1.07987,702.0
cv_oof,b1c43,2.81358,2.8473,F1 XGBoost,2.74916,2.95191,b1,8C(25%)-3.6C,False,False,-3.66778,1.06824,651.0
cv_oof,b1c44,2.78958,2.8878,F1 XGBoost,2.78965,2.9924,b1,8C(35%)-3.6C,False,False,-3.4207,1.08477,616.0
cv_oof,b1c45,2.77743,2.8878,F1 XGBoost,2.78965,2.9924,b1,8C(35%)-3.6C,False,False,-3.42529,1.08396,599.0
valid,b1c5,3.031,3.15492,F1 XGBoost,3.05677,3.25952,b1,4.4C(80%)-4.4C,False,False,-4.17888,1.07613,1074.0
valid,b1c6,2.80346,2.849,F1 XGBoost,2.75085,2.9536,b1,4.8C(80%)-4.8C,False,False,-3.76888,1.07584,636.0
valid,b1c7,2.93952,2.89168,F1 XGBoost,2.79354,2.99628,b1,4.8C(80%)-4.8C,False,False,-3.81349,1.09386,870.0
valid,b1c14,2.94448,2.995,F1 XGBoost,2.89686,3.0996,b1,5.4C(60%)-3C,False,False,-4.04607,1.07097,880.0
valid,b1c15,2.85673,2.94236,F1 XGBoost,2.84421,3.04696,b1,5.4C(60%)-3C,False,False,-4.01795,1.06112,719.0
valid,b1c20,2.72754,2.79045,F1 XGBoost,2.6923,2.89505,b1,5.4C(80%)-5.4C,False,False,-3.36724,1.07263,534.0
valid,b1c21,2.74741,2.79045,F1 XGBoost,2.6923,2.89505,b1,5.4C(80%)-5.4C,False,False,-3.35034,1.08244,559.0
valid,b1c28,2.9345,2.89168,F1 XGBoost,2.79354,2.99628,b1,6C(50%)-3C,False,False,-3.84471,1.07775,860.0
valid,b1c29,2.96237,2.89168,F1 XGBoost,2.79354,2.99628,b1,6C(50%)-3C,False,False,-3.83828,1.07945,917.0
b2,b2c0,2.67852,2.79856,F1 XGBoost,2.70042,2.90317,b2,5.2C(58%)-4C,False,False,-3.48726,1.10201,477.0
b2,b2c1,2.69108,2.76133,F1 XGBoost,2.66319,2.86594,b2,5.6C(26%)-4.5C,False,False,-3.29805,1.10578,491.0
b2,b2c2,2.62737,2.79856,F1 XGBoost,2.70042,2.90317,b2,5.2C(50%)-4.25C,False,False,-3.46025,1.07539,424.0
b2,b2c3,2.6981,2.79856,F1 XGBoost,2.70042,2.90317,b2,4.65C(44%)-5C,False,False,-3.49624,1.09596,499.0
b2,b2c4,2.64738,2.76133,F1 XGBoost,2.66319,2.86594,b2,4.65C(69%)-6C,False,False,-3.23251,1.08997,444.0
b2,b2c5,2.61909,2.76133,F1 XGBoost,2.66319,2.86594,b2,3.6C(30%)-6C,False,False,-3.08588,1.09891,416.0
b2,b2c6,2.59439,2.8621,F1 XGBoost,2.76396,2.96671,b2,3.6C(9%)-5C,False,False,-3.53004,1.08856,393.0
b2,b2c7,2.89042,3.15493,F1 XGBoost,3.05678,3.25953,b2,4.8C(80%)-4.8C-newstructure,True,False,-4.23167,1.09048,777.0
b2,b2c8,2.95617,2.93297,F1 XGBoost,2.83483,3.03758,b2,5.2C(58%)-4C-newstructure,True,False,-4.10242,1.09063,904.0
b2,b2c9,2.89818,3.15493,F1 XGBoost,3.05678,3.25953,b2,5.6C(26%)-4.5C-newstructure,True,False,-4.34443,1.09497,791.0
b2,b2c10,2.69197,2.79856,F1 XGBoost,2.70042,2.90317,b2,4.8C(80%)-4.8C,False,False,-3.4509,1.10928,492.0
b2,b2c11,2.65225,2.79856,F1 XGBoost,2.70042,2.90317,b2,5.2C(50%)-4.25C,False,False,-3.48539,1.09592,449.0
b2,b2c12,2.66839,2.76133,F1 XGBoost,2.66319,2.86594,b2,4.65C(44%)-5C,False,False,-3.16797,1.10165,466.0
b2,b2c13,2.66276,2.76133,F1 XGBoost,2.66319,2.86594,b2,4.65C(69%)-6C,False,False,-3.34445,1.09544,460.0
b2,b2c14,2.62941,2.76133,F1 XGBoost,2.66319,2.86594,b2,3.6C(30%)-6C,False,False,-3.11852,1.08449,426.0
b2,b2c15,2.5977,2.8621,F1 XGBoost,2.76396,2.96671,b2,3.6C(9%)-5C,False,False,-3.51625,1.06975,396.0
b2,b2c16,2.67394,2.79856,F1 XGBoost,2.70042,2.90317,b2,4.8C(80%)-4.8C,False,False,-3.49488,1.09454,472.0
b2,b2c17,2.67302,2.79856,F1 XGBoost,2.70042,2.90317,b2,5.6C(26%)-4.5C,False,False,-3.50034,1.09172,471.0
b2,b2c18,2.65225,2.83219,F1 XGBoost,2.73405,2.9368,b2,5.2C(50%)-4.25C,False,False,-3.7073,1.07563,449.0
b2,b2c19,2.59329,2.76133,F1 XGBoost,2.66319,2.86594,b2,6C(60%)-3C,False,False,-3.29196,1.09024,392.0
b2,b2c20,2.68931,2.79856,F1 XGBoost,2.70042,2.90317,b2,5.2C(58%)-4C,False,False,-3.44131,1.09773,489.0
b2,b2c21,2.61066,2.76133,F1 XGBoost,2.66319,2.86594,b2,6C(60%)-3C,False,False,-3.32668,1.09859,408.0
b2,b2c24,2.71096,2.8621,F1 XGBoost,2.76396,2.96671,b2,4.8C(80%)-4.8C,False,False,-3.64089,1.0923,514.0
b2,b2c25,2.69285,2.8621,F1 XGBoost,2.76396,2.96671,b2,5.2C(58%)-4C,False,False,-3.53448,1.09884,493.0
b2,b2c26,2.65321,2.76133,F1 XGBoost,2.66319,2.86594,b2,5.6C(26%)-4.5C,False,False,-3.22205,1.10435,450.0
b2,b2c27,2.67578,2.79856,F1 XGBoost,2.70042,2.90317,b2,5.2C(50%)-4.25C,False,False,-3.4862,1.09257,474.0
b2,b2c28,2.64048,2.78058,F1 XGBoost,2.68243,2.88518,b2,4.8C(80%)-4.8C,False,False,-3.42341,1.09045,437.0
b2,b2c29,2.65514,2.8621,F1 XGBoost,2.76396,2.96671,b2,5.2C(58%)-4C,False,False,-3.50825,1.10321,452.0
b2,b2c30,2.6149,2.76133,F1 XGBoost,2.66319,2.86594,b2,5.6C(26%)-4.5C,False,False,-3.18541,1.09464,412.0
b2,b2c31,2.62839,2.76133,F1 XGBoost,2.66319,2.86594,b2,5.6C(26%)-4.5C,False,False,-3.35236,1.09901,425.0
b2,b2c32,2.90795,2.93297,F1 XGBoost,2.83483,3.03758,b2,4.8C(80%)-4.8C-newstructure,True,False,-4.13147,1.08816,809.0
b2,b2c33,3.0569,3.15493,F1 XGBoost,3.05678,3.25953,b2,5.2C(58%)-4C-newstructure,True,False,-4.23163,1.07327,1140.0
b2,b2c34,3.07408,3.22829,F1 XGBoost,3.13015,3.33289,b2,5.6C(26%)-4.5C-newstructure,True,False,-4.44859,1.06717,1186.0
b2,b2c41,2.64542,2.76133,F1 XGBoost,2.66319,2.86594,b2,5.6C(26%)-4.5C,False,False,-3.17237,1.10492,442.0
b2,b2c42,2.67578,2.79856,F1 XGBoost,2.70042,2.90317,b2,5.2C(50%)-4.25C,False,False,-3.48259,1.10244,474.0
b2,b2c43,3.01242,3.15493,F1 XGBoost,3.05678,3.25953,b2,4.8C(80%)-4.8C-newstructure,True,False,-4.27178,1.09743,1029.0
b2,b2c44,2.9248,3.15493,F1 XGBoost,3.05678,3.25953,b2,5.2C(58%)-4C-newstructure,True,False,-4.36452,1.09659,841.0
b2,b2c45,2.9987,3.02895,F1 XGBoost,2.9308,3.13355,b2,5.6C(26%)-4.5C-newstructure,True,False,-4.17521,1.10304,997.0
b2,b2c46,2.70157,2.8621,F1 XGBoost,2.76396,2.96671,b2,4.8C(80%)-4.8C,False,False,-3.50888,1.10094,503.0
b3,b3c0,3.00389,3.15493,F1 XGBoost,3.05678,3.25953,b3,5C(67%)-4C-newstructure,True,False,-4.24511,1.06746,1009.0
b3,b3c1,3.02653,3.15493,F1 XGBoost,3.05678,3.25953,b3,5.3C(54%)-4C-newstructure,True,False,-4.28554,1.06506,1063.0
b3,b3c3,3.04727,2.93297,F1 XGBoost,2.83483,3.03758,b3,5.6C(36%)-4.3C-newstructure,True,False,-4.11661,1.06289,1115.0
b3,b3c4,3.02036,3.02895,F1 XGBoost,2.9308,3.13355,b3,5.6C(19%)-4.6C-newstructure,True,False,-4.17847,1.07248,1048.0
b3,b3c5,2.91803,2.93297,F1 XGBoost,2.83483,3.03758,b3,5.6C(36%)-4.3C-newstructure,True,False,-4.11442,1.05145,828.0
b3,b3c6,2.82413,2.8621,F1 XGBoost,2.76396,2.96671,b3,3.7C(31%)-5.9C-newstructure,True,False,-3.52571,1.06261,667.0
b3,b3c7,3.26387,3.22829,F1 XGBoost,3.13015,3.33289,b3,4.8C(80%)-4.8C-newstructure,True,False,-4.48874,1.06752,1836.0
b3,b3c8,2.91803,2.94327,F1 XGBoost,2.84512,3.04787,b3,5C(67%)-4C-newstructure,True,False,-4.0918,1.06474,828.0
b3,b3c9,3.01662,2.90641,F1 XGBoost,2.80826,3.01101,b3,5.3C(54%)-4C-newstructure,True,False,-3.9823,1.06948,1039.0
b3,b3c10,3.03262,3.15493,F1 XGBoost,3.05678,3.25953,b3,4.8C(80%)-4.8C-newstructure,True,False,-4.41136,1.06177,1078.0
b3,b3c11,2.91222,2.95255,F1 XGBoost,2.8544,3.05715,b3,5.6C(19%)-4.6C-newstructure,True,False,-3.88492,1.06807,817.0
b3,b3c12,2.96942,2.93585,F1 XGBoost,2.83771,3.04046,b3,5.6C(36%)-4.3C-newstructure,True,False,-3.94679,1.07417,932.0
b3,b3c13,2.91169,2.94327,F1 XGBoost,2.84512,3.04787,b3,5.6C(19%)-4.6C-newstructure,True,False,-4.09447,1.06556,816.0
b3,b3c14,2.93349,2.90641,F1 XGBoost,2.80826,3.01101,b3,5.6C(36%)-4.3C-newstructure,True,False,-3.99967,1.07271,858.0
b3,b3c15,2.9425,2.90641,F1 XGBoost,2.80826,3.01101,b3,5.9C(15%)-4.6C-newstructure,True,False,-4.00068,1.06842,876.0
b3,b3c16,3.21431,3.31092,F1 XGBoost,3.21277,3.41552,b3,4.8C(80%)-4.8C-newstructure,True,False,-4.69451,1.06101,1638.0
b3,b3c17,3.11893,3.15493,F1 XGBoost,3.05678,3.25953,b3,5.3C(54%)-4C-newstructure,True,False,-4.43971,1.06645,1315.0
b3,b3c18,3.05918,3.15493,F1 XGBoost,3.05678,3.25953,b3,5.6C(19%)-4.6C-newstructure,True,False,-4.25405,1.06802,1146.0
b3,b3c19,3.06258,3.02895,F1 XGBoost,2.9308,3.13355,b3,5.6C(36%)-4.3C-newstructure,True,False,-4.17194,1.07192,1155.0
b3,b3c20,2.91009,2.99428,F1 XGBoost,2.89614,3.09888,b3,5C(67%)-4C-newstructure,True,False,-4.06634,1.06505,813.0
b3,b3c21,2.88762,2.83219,F1 XGBoost,2.73405,2.9368,b3,3.7C(31%)-5.9C-newstructure,True,False,-3.70433,1.06786,772.0
b3,b3c22,3.00087,2.98419,F1 XGBoost,2.88605,3.08879,b3,5.9C(60%)-3.1C-newstructure,True,False,-4.04682,1.05626,1002.0
b3,b3c24,2.91645,3.02895,F1 XGBoost,2.9308,3.13355,b3,5C(67%)-4C-newstructure,True,False,-4.15525,1.04627,825.0
b3,b3c25,2.9952,2.93297,F1 XGBoost,2.83483,3.03758,b3,5.3C(54%)-4C-newstructure,True,False,-4.14656,1.06113,989.0
b3,b3c26,3.01199,3.15493,F1 XGBoost,3.05678,3.25953,b3,5.6C(19%)-4.6C-newstructure,True,False,-4.21951,1.07202,1028.0
b3,b3c27,2.92942,2.93297,F1 XGBoost,2.83483,3.03758,b3,5.6C(36%)-4.3C-newstructure,True,False,-4.13013,1.06042,850.0
b3,b3c28,2.7332,2.79856,F1 XGBoost,2.70042,2.90317,b3,3.7C(31%)-5.9C-newstructure,True,False,-3.45166,1.05187,541.0
b3,b3c29,2.93349,2.99428,F1 XGBoost,2.89614,3.09888,b3,5.9C(15%)-4.6C-newstructure,True,False,-4.06358,1.06637,858.0
b3,b3c30,2.97081,2.93297,F1 XGBoost,2.83483,3.03758,b3,5.3C(54%)-4C-newstructure,True,False,-4.10023,1.06874,935.0
b3,b3c31,2.86392,2.92312,F1 XGBoost,2.82497,3.02772,b3,5.9C(60%)-3.1C-newstructure,True,False,-3.8396,1.06818,731.0
b3,b3c33,3.10857,3.15493,F1 XGBoost,3.05678,3.25953,b3,5C(67%)-4C-newstructure,True,False,-4.3959,1.06027,1284.0
b3,b3c34,3.06371,3.15493,F1 XGBoost,3.05678,3.25953,b3,5.3C(54%)-4C-newstructure,True,False,-4.30566,1.06153,1158.0
b3,b3c35,3.03862,3.15493,F1 XGBoost,3.05678,3.25953,b3,5.6C(19%)-4.6C-newstructure,True,False,-4.23486,1.06338,1093.0
b3,b3c36,2.9652,3.15493,F1 XGBoost,3.05678,3.25953,b3,5.6C(36%)-4.3C-newstructure,True,False,-4.25346,1.05753,923.0
b3,b3c38,3.28668,3.15493,F1 XGBoost,3.05678,3.25953,b3,5C(67%)-4C-newstructure,True,False,-4.34205,1.07015,1935.0
b3,b3c39,3.06296,3.22829,F1 XGBoost,3.13015,3.33289,b3,5.3C(54%)-4C-newstructure,True,False,-4.45464,1.0474,1156.0
b3,b3c40,2.90091,3.15493,F1 XGBoost,3.05678,3.25953,b3,5.6C(19%)-4.6C-newstructure,True,False,-4.29511,1.05932,796.0
b3,b3c41,2.89542,3.15493,F1 XGBoost,3.05678,3.25953,b3,5.6C(36%)-4.3C-newstructure,True,False,-4.21951,1.05052,786.0
b3,b3c44,2.97313,2.93297,F1 XGBoost,2.83483,3.03758,b3,5.3C(54%)-4C-newstructure,True,False,-4.1315,1.06972,940.0
b3,b3c45,3.25551,3.22829,F1 XGBoost,3.13015,3.33289,b3,4.8C(80%)-4.8C-newstructure,True,False,-4.52085,1.06955,1801.0
